date,day,quarter,package,dd_trace_downloads
2021-07-01,2021-07-01,2021Q3,dd-trace,139578
2021-07-02,2021-07-02,2021Q3,dd-trace,109224
2021-07-03,2021-07-03,2021Q3,dd-trace,15459
2021-07-04,2021-07-04,2021Q3,dd-trace,16014
2021-07-05,2021-07-05,2021Q3,dd-trace,88221
2021-07-06,2021-07-06,2021Q3,dd-trace,136785
2021-07-07,2021-07-07,2021Q3,dd-trace,142142
2021-07-08,2021-07-08,2021Q3,dd-trace,142817
2021-07-09,2021-07-09,2021Q3,dd-trace,119902
2021-07-10,2021-07-10,2021Q3,dd-trace,15676
2021-07-11,2021-07-11,2021Q3,dd-trace,16930
2021-07-12,2021-07-12,2021Q3,dd-trace,146120
2021-07-13,2021-07-13,2021Q3,dd-trace,159927
2021-07-14,2021-07-14,2021Q3,dd-trace,158937
2021-07-15,2021-07-15,2021Q3,dd-trace,170212
2021-07-16,2021-07-16,2021Q3,dd-trace,176310
2021-07-17,2021-07-17,2021Q3,dd-trace,22418
2021-07-18,2021-07-18,2021Q3,dd-trace,19802
2021-07-19,2021-07-19,2021Q3,dd-trace,191801
2021-07-20,2021-07-20,2021Q3,dd-trace,195607
2021-07-21,2021-07-21,2021Q3,dd-trace,198919
2021-07-22,2021-07-22,2021Q3,dd-trace,193023
2021-07-23,2021-07-23,2021Q3,dd-trace,153302
2021-07-24,2021-07-24,2021Q3,dd-trace,24430
2021-07-25,2021-07-25,2021Q3,dd-trace,20953
2021-07-26,2021-07-26,2021Q3,dd-trace,174010
2021-07-27,2021-07-27,2021Q3,dd-trace,204490
2021-07-28,2021-07-28,2021Q3,dd-trace,231152
2021-07-29,2021-07-29,2021Q3,dd-trace,222406
2021-07-30,2021-07-30,2021Q3,dd-trace,198167
2021-07-31,2021-07-31,2021Q3,dd-trace,50625
2021-08-01,2021-08-01,2021Q3,dd-trace,48888
2021-08-02,2021-08-02,2021Q3,dd-trace,183854
2021-08-03,2021-08-03,2021Q3,dd-trace,227396
2021-08-04,2021-08-04,2021Q3,dd-trace,225269
2021-08-05,2021-08-05,2021Q3,dd-trace,226849
2021-08-06,2021-08-06,2021Q3,dd-trace,201815
2021-08-07,2021-08-07,2021Q3,dd-trace,50187
2021-08-08,2021-08-08,2021Q3,dd-trace,45091
2021-08-09,2021-08-09,2021Q3,dd-trace,212161
2021-08-10,2021-08-10,2021Q3,dd-trace,228557
2021-08-11,2021-08-11,2021Q3,dd-trace,234569
2021-08-12,2021-08-12,2021Q3,dd-trace,228399
2021-08-13,2021-08-13,2021Q3,dd-trace,209249
2021-08-14,2021-08-14,2021Q3,dd-trace,48036
2021-08-15,2021-08-15,2021Q3,dd-trace,43512
2021-08-16,2021-08-16,2021Q3,dd-trace,215904
2021-08-17,2021-08-17,2021Q3,dd-trace,239198
2021-08-18,2021-08-18,2021Q3,dd-trace,236098
2021-08-19,2021-08-19,2021Q3,dd-trace,240344
2021-08-20,2021-08-20,2021Q3,dd-trace,203615
2021-08-21,2021-08-21,2021Q3,dd-trace,44014
2021-08-22,2021-08-22,2021Q3,dd-trace,41202
2021-08-23,2021-08-23,2021Q3,dd-trace,214016
2021-08-24,2021-08-24,2021Q3,dd-trace,232758
2021-08-25,2021-08-25,2021Q3,dd-trace,240895
2021-08-26,2021-08-26,2021Q3,dd-trace,250927
2021-08-27,2021-08-27,2021Q3,dd-trace,218783
2021-08-28,2021-08-28,2021Q3,dd-trace,45984
2021-08-29,2021-08-29,2021Q3,dd-trace,41412
2021-08-30,2021-08-30,2021Q3,dd-trace,219366
2021-08-31,2021-08-31,2021Q3,dd-trace,245221
2021-09-01,2021-09-01,2021Q3,dd-trace,249673
2021-09-02,2021-09-02,2021Q3,dd-trace,244138
2021-09-03,2021-09-03,2021Q3,dd-trace,180498
2021-09-04,2021-09-04,2021Q3,dd-trace,33924
2021-09-05,2021-09-05,2021Q3,dd-trace,19545
2021-09-06,2021-09-06,2021Q3,dd-trace,89942
2021-09-07,2021-09-07,2021Q3,dd-trace,206837
2021-09-08,2021-09-08,2021Q3,dd-trace,275184
2021-09-09,2021-09-09,2021Q3,dd-trace,251924
2021-09-10,2021-09-10,2021Q3,dd-trace,220884
2021-09-11,2021-09-11,2021Q3,dd-trace,38862
2021-09-12,2021-09-12,2021Q3,dd-trace,31253
2021-09-13,2021-09-13,2021Q3,dd-trace,224138
2021-09-14,2021-09-14,2021Q3,dd-trace,252200
2021-09-15,2021-09-15,2021Q3,dd-trace,263381
2021-09-16,2021-09-16,2021Q3,dd-trace,251932
2021-09-17,2021-09-17,2021Q3,dd-trace,211542
2021-09-18,2021-09-18,2021Q3,dd-trace,38549
2021-09-19,2021-09-19,2021Q3,dd-trace,32124
2021-09-20,2021-09-20,2021Q3,dd-trace,230580
2021-09-21,2021-09-21,2021Q3,dd-trace,265720
2021-09-22,2021-09-22,2021Q3,dd-trace,267581
2021-09-23,2021-09-23,2021Q3,dd-trace,261026
2021-09-24,2021-09-24,2021Q3,dd-trace,216277
2021-09-25,2021-09-25,2021Q3,dd-trace,42073
2021-09-26,2021-09-26,2021Q3,dd-trace,42356
2021-09-27,2021-09-27,2021Q3,dd-trace,239461
2021-09-28,2021-09-28,2021Q3,dd-trace,267099
2021-09-29,2021-09-29,2021Q3,dd-trace,274343
2021-09-30,2021-09-30,2021Q3,dd-trace,266099
2021-10-01,2021-10-01,2021Q4,dd-trace,225704
2021-10-02,2021-10-02,2021Q4,dd-trace,43175
2021-10-03,2021-10-03,2021Q4,dd-trace,38748
2021-10-04,2021-10-04,2021Q4,dd-trace,253486
2021-10-05,2021-10-05,2021Q4,dd-trace,275586
2021-10-06,2021-10-06,2021Q4,dd-trace,271555
2021-10-07,2021-10-07,2021Q4,dd-trace,273320
2021-10-08,2021-10-08,2021Q4,dd-trace,201280
2021-10-09,2021-10-09,2021Q4,dd-trace,32147
2021-10-10,2021-10-10,2021Q4,dd-trace,25563
2021-10-11,2021-10-11,2021Q4,dd-trace,184086
2021-10-12,2021-10-12,2021Q4,dd-trace,251790
2021-10-13,2021-10-13,2021Q4,dd-trace,242352
2021-10-14,2021-10-14,2021Q4,dd-trace,270122
2021-10-15,2021-10-15,2021Q4,dd-trace,232955
2021-10-16,2021-10-16,2021Q4,dd-trace,28758
2021-10-17,2021-10-17,2021Q4,dd-trace,25656
2021-10-18,2021-10-18,2021Q4,dd-trace,230207
2021-10-19,2021-10-19,2021Q4,dd-trace,257840
2021-10-20,2021-10-20,2021Q4,dd-trace,256873
2021-10-21,2021-10-21,2021Q4,dd-trace,252167
2021-10-22,2021-10-22,2021Q4,dd-trace,213878
2021-10-23,2021-10-23,2021Q4,dd-trace,27653
2021-10-24,2021-10-24,2021Q4,dd-trace,28541
2021-10-25,2021-10-25,2021Q4,dd-trace,241573
2021-10-26,2021-10-26,2021Q4,dd-trace,256513
2021-10-27,2021-10-27,2021Q4,dd-trace,259511
2021-10-28,2021-10-28,2021Q4,dd-trace,258513
2021-10-29,2021-10-29,2021Q4,dd-trace,192557
2021-10-30,2021-10-30,2021Q4,dd-trace,31044
2021-10-31,2021-10-31,2021Q4,dd-trace,30084
2021-11-01,2021-11-01,2021Q4,dd-trace,217841
2021-11-02,2021-11-02,2021Q4,dd-trace,250112
2021-11-03,2021-11-03,2021Q4,dd-trace,253867
2021-11-04,2021-11-04,2021Q4,dd-trace,255378
2021-11-05,2021-11-05,2021Q4,dd-trace,235027
2021-11-06,2021-11-06,2021Q4,dd-trace,36692
2021-11-07,2021-11-07,2021Q4,dd-trace,34322
2021-11-08,2021-11-08,2021Q4,dd-trace,240932
2021-11-09,2021-11-09,2021Q4,dd-trace,263562
2021-11-10,2021-11-10,2021Q4,dd-trace,260238
2021-11-11,2021-11-11,2021Q4,dd-trace,211004
2021-11-12,2021-11-12,2021Q4,dd-trace,215648
2021-11-13,2021-11-13,2021Q4,dd-trace,34394
2021-11-14,2021-11-14,2021Q4,dd-trace,27547
2021-11-15,2021-11-15,2021Q4,dd-trace,241647
2021-11-16,2021-11-16,2021Q4,dd-trace,283090
2021-11-17,2021-11-17,2021Q4,dd-trace,281687
2021-11-18,2021-11-18,2021Q4,dd-trace,273297
2021-11-19,2021-11-19,2021Q4,dd-trace,236482
2021-11-20,2021-11-20,2021Q4,dd-trace,53051
2021-11-21,2021-11-21,2021Q4,dd-trace,45602
2021-11-22,2021-11-22,2021Q4,dd-trace,242408
2021-11-23,2021-11-23,2021Q4,dd-trace,258801
2021-11-24,2021-11-24,2021Q4,dd-trace,235548
2021-11-25,2021-11-25,2021Q4,dd-trace,154098
2021-11-26,2021-11-26,2021Q4,dd-trace,115200
2021-11-27,2021-11-27,2021Q4,dd-trace,42216
2021-11-28,2021-11-28,2021Q4,dd-trace,47267
2021-11-29,2021-11-29,2021Q4,dd-trace,259945
2021-11-30,2021-11-30,2021Q4,dd-trace,276964
2021-12-01,2021-12-01,2021Q4,dd-trace,290941
2021-12-02,2021-12-02,2021Q4,dd-trace,271944
2021-12-03,2021-12-03,2021Q4,dd-trace,254997
2021-12-04,2021-12-04,2021Q4,dd-trace,38325
2021-12-05,2021-12-05,2021Q4,dd-trace,31940
2021-12-06,2021-12-06,2021Q4,dd-trace,254104
2021-12-07,2021-12-07,2021Q4,dd-trace,226650
2021-12-08,2021-12-08,2021Q4,dd-trace,236783
2021-12-09,2021-12-09,2021Q4,dd-trace,229562
2021-12-10,2021-12-10,2021Q4,dd-trace,197508
2021-12-11,2021-12-11,2021Q4,dd-trace,32972
2021-12-12,2021-12-12,2021Q4,dd-trace,25977
2021-12-13,2021-12-13,2021Q4,dd-trace,202175
2021-12-14,2021-12-14,2021Q4,dd-trace,222921
2021-12-15,2021-12-15,2021Q4,dd-trace,224247
2021-12-16,2021-12-16,2021Q4,dd-trace,210707
2021-12-17,2021-12-17,2021Q4,dd-trace,176698
2021-12-18,2021-12-18,2021Q4,dd-trace,30429
2021-12-19,2021-12-19,2021Q4,dd-trace,23472
2021-12-20,2021-12-20,2021Q4,dd-trace,165092
2021-12-21,2021-12-21,2021Q4,dd-trace,186028
2021-12-22,2021-12-22,2021Q4,dd-trace,157030
2021-12-23,2021-12-23,2021Q4,dd-trace,128602
2021-12-24,2021-12-24,2021Q4,dd-trace,48673
2021-12-25,2021-12-25,2021Q4,dd-trace,13352
2021-12-26,2021-12-26,2021Q4,dd-trace,16872
2021-12-27,2021-12-27,2021Q4,dd-trace,79286
2021-12-28,2021-12-28,2021Q4,dd-trace,97385
2021-12-29,2021-12-29,2021Q4,dd-trace,96468
2021-12-30,2021-12-30,2021Q4,dd-trace,77179
2021-12-31,2021-12-31,2021Q4,dd-trace,38281
2022-01-01,2022-01-01,2022Q1,dd-trace,14543
2022-01-02,2022-01-02,2022Q1,dd-trace,19421
2022-01-03,2022-01-03,2022Q1,dd-trace,110189
2022-01-04,2022-01-04,2022Q1,dd-trace,173348
2022-01-05,2022-01-05,2022Q1,dd-trace,188229
2022-01-06,2022-01-06,2022Q1,dd-trace,191710
2022-01-07,2022-01-07,2022Q1,dd-trace,173558
2022-01-08,2022-01-08,2022Q1,dd-trace,34504
2022-01-09,2022-01-09,2022Q1,dd-trace,29369
2022-01-10,2022-01-10,2022Q1,dd-trace,195428
2022-01-11,2022-01-11,2022Q1,dd-trace,233379
2022-01-12,2022-01-12,2022Q1,dd-trace,228605
2022-01-13,2022-01-13,2022Q1,dd-trace,220996
2022-01-14,2022-01-14,2022Q1,dd-trace,199297
2022-01-15,2022-01-15,2022Q1,dd-trace,43447
2022-01-16,2022-01-16,2022Q1,dd-trace,37627
2022-01-17,2022-01-17,2022Q1,dd-trace,149088
2022-01-18,2022-01-18,2022Q1,dd-trace,220236
2022-01-19,2022-01-19,2022Q1,dd-trace,245895
2022-01-20,2022-01-20,2022Q1,dd-trace,234189
2022-01-21,2022-01-21,2022Q1,dd-trace,209434
2022-01-22,2022-01-22,2022Q1,dd-trace,38023
2022-01-23,2022-01-23,2022Q1,dd-trace,27763
2022-01-24,2022-01-24,2022Q1,dd-trace,232361
2022-01-25,2022-01-25,2022Q1,dd-trace,257633
2022-01-26,2022-01-26,2022Q1,dd-trace,243921
2022-01-27,2022-01-27,2022Q1,dd-trace,261800
2022-01-28,2022-01-28,2022Q1,dd-trace,236206
2022-01-29,2022-01-29,2022Q1,dd-trace,45323
2022-01-30,2022-01-30,2022Q1,dd-trace,35650
2022-01-31,2022-01-31,2022Q1,dd-trace,216652
2022-02-01,2022-02-01,2022Q1,dd-trace,256037
2022-02-02,2022-02-02,2022Q1,dd-trace,260561
2022-02-03,2022-02-03,2022Q1,dd-trace,268758
2022-02-04,2022-02-04,2022Q1,dd-trace,212930
2022-02-05,2022-02-05,2022Q1,dd-trace,38545
2022-02-06,2022-02-06,2022Q1,dd-trace,34377
2022-02-07,2022-02-07,2022Q1,dd-trace,231344
2022-02-08,2022-02-08,2022Q1,dd-trace,272225
2022-02-09,2022-02-09,2022Q1,dd-trace,267745
2022-02-10,2022-02-10,2022Q1,dd-trace,255093
2022-02-11,2022-02-11,2022Q1,dd-trace,216113
2022-02-12,2022-02-12,2022Q1,dd-trace,35363
2022-02-13,2022-02-13,2022Q1,dd-trace,30848
2022-02-14,2022-02-14,2022Q1,dd-trace,230500
2022-02-15,2022-02-15,2022Q1,dd-trace,250747
2022-02-16,2022-02-16,2022Q1,dd-trace,259401
2022-02-17,2022-02-17,2022Q1,dd-trace,265610
2022-02-18,2022-02-18,2022Q1,dd-trace,223398
2022-02-19,2022-02-19,2022Q1,dd-trace,42864
2022-02-20,2022-02-20,2022Q1,dd-trace,34442
2022-02-21,2022-02-21,2022Q1,dd-trace,155301
2022-02-22,2022-02-22,2022Q1,dd-trace,238062
2022-02-23,2022-02-23,2022Q1,dd-trace,254297
2022-02-24,2022-02-24,2022Q1,dd-trace,251615
2022-02-25,2022-02-25,2022Q1,dd-trace,211558
2022-02-26,2022-02-26,2022Q1,dd-trace,50234
2022-02-27,2022-02-27,2022Q1,dd-trace,47176
2022-02-28,2022-02-28,2022Q1,dd-trace,229622
2022-03-01,2022-03-01,2022Q1,dd-trace,241416
2022-03-02,2022-03-02,2022Q1,dd-trace,260637
2022-03-03,2022-03-03,2022Q1,dd-trace,258112
2022-03-04,2022-03-04,2022Q1,dd-trace,220534
2022-03-05,2022-03-05,2022Q1,dd-trace,51757
2022-03-06,2022-03-06,2022Q1,dd-trace,42313
2022-03-07,2022-03-07,2022Q1,dd-trace,244889
2022-03-08,2022-03-08,2022Q1,dd-trace,271870
2022-03-09,2022-03-09,2022Q1,dd-trace,283269
2022-03-10,2022-03-10,2022Q1,dd-trace,284880
2022-03-11,2022-03-11,2022Q1,dd-trace,247717
2022-03-12,2022-03-12,2022Q1,dd-trace,67385
2022-03-13,2022-03-13,2022Q1,dd-trace,57881
2022-03-14,2022-03-14,2022Q1,dd-trace,278036
2022-03-15,2022-03-15,2022Q1,dd-trace,300902
2022-03-16,2022-03-16,2022Q1,dd-trace,277196
2022-03-17,2022-03-17,2022Q1,dd-trace,262894
2022-03-18,2022-03-18,2022Q1,dd-trace,222703
2022-03-19,2022-03-19,2022Q1,dd-trace,65406
2022-03-20,2022-03-20,2022Q1,dd-trace,59894
2022-03-21,2022-03-21,2022Q1,dd-trace,262286
2022-03-22,2022-03-22,2022Q1,dd-trace,290022
2022-03-23,2022-03-23,2022Q1,dd-trace,291169
2022-03-24,2022-03-24,2022Q1,dd-trace,257192
2022-03-25,2022-03-25,2022Q1,dd-trace,226105
2022-03-26,2022-03-26,2022Q1,dd-trace,44591
2022-03-27,2022-03-27,2022Q1,dd-trace,43575
2022-03-28,2022-03-28,2022Q1,dd-trace,256686
2022-03-29,2022-03-29,2022Q1,dd-trace,268918
2022-03-30,2022-03-30,2022Q1,dd-trace,268700
2022-03-31,2022-03-31,2022Q1,dd-trace,264319
2022-04-01,2022-04-01,2022Q2,dd-trace,230100
2022-04-02,2022-04-02,2022Q2,dd-trace,49687
2022-04-03,2022-04-03,2022Q2,dd-trace,42741
2022-04-04,2022-04-04,2022Q2,dd-trace,254355
2022-04-05,2022-04-05,2022Q2,dd-trace,268592
2022-04-06,2022-04-06,2022Q2,dd-trace,259384
2022-04-07,2022-04-07,2022Q2,dd-trace,282613
2022-04-08,2022-04-08,2022Q2,dd-trace,230974
2022-04-09,2022-04-09,2022Q2,dd-trace,58316
2022-04-10,2022-04-10,2022Q2,dd-trace,50316
2022-04-11,2022-04-11,2022Q2,dd-trace,253170
2022-04-12,2022-04-12,2022Q2,dd-trace,283114
2022-04-13,2022-04-13,2022Q2,dd-trace,271132
2022-04-14,2022-04-14,2022Q2,dd-trace,254517
2022-04-15,2022-04-15,2022Q2,dd-trace,166201
2022-04-16,2022-04-16,2022Q2,dd-trace,47994
2022-04-17,2022-04-17,2022Q2,dd-trace,43714
2022-04-18,2022-04-18,2022Q2,dd-trace,188452
2022-04-19,2022-04-19,2022Q2,dd-trace,263294
2022-04-20,2022-04-20,2022Q2,dd-trace,275480
2022-04-21,2022-04-21,2022Q2,dd-trace,268064
2022-04-22,2022-04-22,2022Q2,dd-trace,233672
2022-04-23,2022-04-23,2022Q2,dd-trace,49598
2022-04-24,2022-04-24,2022Q2,dd-trace,49389
2022-04-25,2022-04-25,2022Q2,dd-trace,258427
2022-04-26,2022-04-26,2022Q2,dd-trace,298500
2022-04-27,2022-04-27,2022Q2,dd-trace,286799
2022-04-28,2022-04-28,2022Q2,dd-trace,270053
2022-04-29,2022-04-29,2022Q2,dd-trace,225679
2022-04-30,2022-04-30,2022Q2,dd-trace,44212
2022-05-01,2022-05-01,2022Q2,dd-trace,42707
2022-05-02,2022-05-02,2022Q2,dd-trace,218799
2022-05-03,2022-05-03,2022Q2,dd-trace,248759
2022-05-04,2022-05-04,2022Q2,dd-trace,257127
2022-05-05,2022-05-05,2022Q2,dd-trace,254224
2022-05-06,2022-05-06,2022Q2,dd-trace,222457
2022-05-07,2022-05-07,2022Q2,dd-trace,53133
2022-05-08,2022-05-08,2022Q2,dd-trace,35734
2022-05-09,2022-05-09,2022Q2,dd-trace,257419
2022-05-10,2022-05-10,2022Q2,dd-trace,268334
2022-05-11,2022-05-11,2022Q2,dd-trace,267149
2022-05-12,2022-05-12,2022Q2,dd-trace,268035
2022-05-13,2022-05-13,2022Q2,dd-trace,226039
2022-05-14,2022-05-14,2022Q2,dd-trace,46649
2022-05-15,2022-05-15,2022Q2,dd-trace,47120
2022-05-16,2022-05-16,2022Q2,dd-trace,258278
2022-05-17,2022-05-17,2022Q2,dd-trace,288409
2022-05-18,2022-05-18,2022Q2,dd-trace,284575
2022-05-19,2022-05-19,2022Q2,dd-trace,280836
2022-05-20,2022-05-20,2022Q2,dd-trace,231096
2022-05-21,2022-05-21,2022Q2,dd-trace,46542
2022-05-22,2022-05-22,2022Q2,dd-trace,43876
2022-05-23,2022-05-23,2022Q2,dd-trace,236610
2022-05-24,2022-05-24,2022Q2,dd-trace,274912
2022-05-25,2022-05-25,2022Q2,dd-trace,268698
2022-05-26,2022-05-26,2022Q2,dd-trace,245230
2022-05-27,2022-05-27,2022Q2,dd-trace,207291
2022-05-28,2022-05-28,2022Q2,dd-trace,43598
2022-05-29,2022-05-29,2022Q2,dd-trace,42697
2022-05-30,2022-05-30,2022Q2,dd-trace,172985
2022-05-31,2022-05-31,2022Q2,dd-trace,264930
2022-06-01,2022-06-01,2022Q2,dd-trace,279871
2022-06-02,2022-06-02,2022Q2,dd-trace,282108
2022-06-03,2022-06-03,2022Q2,dd-trace,234626
2022-06-04,2022-06-04,2022Q2,dd-trace,38816
2022-06-05,2022-06-05,2022Q2,dd-trace,30037
2022-06-06,2022-06-06,2022Q2,dd-trace,231234
2022-06-07,2022-06-07,2022Q2,dd-trace,275235
2022-06-08,2022-06-08,2022Q2,dd-trace,277429
2022-06-09,2022-06-09,2022Q2,dd-trace,267259
2022-06-10,2022-06-10,2022Q2,dd-trace,229641
2022-06-11,2022-06-11,2022Q2,dd-trace,33046
2022-06-12,2022-06-12,2022Q2,dd-trace,29562
2022-06-13,2022-06-13,2022Q2,dd-trace,250350
2022-06-14,2022-06-14,2022Q2,dd-trace,284201
2022-06-15,2022-06-15,2022Q2,dd-trace,283331
2022-06-16,2022-06-16,2022Q2,dd-trace,264120
2022-06-17,2022-06-17,2022Q2,dd-trace,214530
2022-06-18,2022-06-18,2022Q2,dd-trace,31221
2022-06-19,2022-06-19,2022Q2,dd-trace,30344
2022-06-20,2022-06-20,2022Q2,dd-trace,177329
2022-06-21,2022-06-21,2022Q2,dd-trace,261165
2022-06-22,2022-06-22,2022Q2,dd-trace,277694
2022-06-23,2022-06-23,2022Q2,dd-trace,274789
2022-06-24,2022-06-24,2022Q2,dd-trace,231243
2022-06-25,2022-06-25,2022Q2,dd-trace,34997
2022-06-26,2022-06-26,2022Q2,dd-trace,38265
2022-06-27,2022-06-27,2022Q2,dd-trace,260666
2022-06-28,2022-06-28,2022Q2,dd-trace,290945
2022-06-29,2022-06-29,2022Q2,dd-trace,302748
2022-06-30,2022-06-30,2022Q2,dd-trace,269299
2022-07-01,2022-07-01,2022Q3,dd-trace,192402
2022-07-02,2022-07-02,2022Q3,dd-trace,28621
2022-07-03,2022-07-03,2022Q3,dd-trace,31210
2022-07-04,2022-07-04,2022Q3,dd-trace,149647
2022-07-05,2022-07-05,2022Q3,dd-trace,256140
2022-07-06,2022-07-06,2022Q3,dd-trace,280312
2022-07-07,2022-07-07,2022Q3,dd-trace,272561
2022-07-08,2022-07-08,2022Q3,dd-trace,231766
2022-07-09,2022-07-09,2022Q3,dd-trace,35345
2022-07-10,2022-07-10,2022Q3,dd-trace,30493
2022-07-11,2022-07-11,2022Q3,dd-trace,270946
2022-07-12,2022-07-12,2022Q3,dd-trace,283704
2022-07-13,2022-07-13,2022Q3,dd-trace,290167
2022-07-14,2022-07-14,2022Q3,dd-trace,275426
2022-07-15,2022-07-15,2022Q3,dd-trace,239356
2022-07-16,2022-07-16,2022Q3,dd-trace,32311
2022-07-17,2022-07-17,2022Q3,dd-trace,34372
2022-07-18,2022-07-18,2022Q3,dd-trace,278221
2022-07-19,2022-07-19,2022Q3,dd-trace,311634
2022-07-20,2022-07-20,2022Q3,dd-trace,321469
2022-07-21,2022-07-21,2022Q3,dd-trace,298421
2022-07-22,2022-07-22,2022Q3,dd-trace,0
2022-07-23,2022-07-23,2022Q3,dd-trace,34611
2022-07-24,2022-07-24,2022Q3,dd-trace,33532
2022-07-25,2022-07-25,2022Q3,dd-trace,284587
2022-07-26,2022-07-26,2022Q3,dd-trace,318037
2022-07-27,2022-07-27,2022Q3,dd-trace,315667
2022-07-28,2022-07-28,2022Q3,dd-trace,308118
2022-07-29,2022-07-29,2022Q3,dd-trace,254274
2022-07-30,2022-07-30,2022Q3,dd-trace,46080
2022-07-31,2022-07-31,2022Q3,dd-trace,42706
2022-08-01,2022-08-01,2022Q3,dd-trace,269972
2022-08-02,2022-08-02,2022Q3,dd-trace,308315
2022-08-03,2022-08-03,2022Q3,dd-trace,317643
2022-08-04,2022-08-04,2022Q3,dd-trace,303174
2022-08-05,2022-08-05,2022Q3,dd-trace,243171
2022-08-06,2022-08-06,2022Q3,dd-trace,39028
2022-08-07,2022-08-07,2022Q3,dd-trace,35161
2022-08-08,2022-08-08,2022Q3,dd-trace,282112
2022-08-09,2022-08-09,2022Q3,dd-trace,314199
2022-08-10,2022-08-10,2022Q3,dd-trace,301307
2022-08-11,2022-08-11,2022Q3,dd-trace,278620
2022-08-12,2022-08-12,2022Q3,dd-trace,243071
2022-08-13,2022-08-13,2022Q3,dd-trace,33320
2022-08-14,2022-08-14,2022Q3,dd-trace,35289
2022-08-15,2022-08-15,2022Q3,dd-trace,264931
2022-08-16,2022-08-16,2022Q3,dd-trace,322932
2022-08-17,2022-08-17,2022Q3,dd-trace,310642
2022-08-18,2022-08-18,2022Q3,dd-trace,299153
2022-08-19,2022-08-19,2022Q3,dd-trace,260430
2022-08-20,2022-08-20,2022Q3,dd-trace,37440
2022-08-21,2022-08-21,2022Q3,dd-trace,35439
2022-08-22,2022-08-22,2022Q3,dd-trace,301815
2022-08-23,2022-08-23,2022Q3,dd-trace,313511
2022-08-24,2022-08-24,2022Q3,dd-trace,327095
2022-08-25,2022-08-25,2022Q3,dd-trace,316033
2022-08-26,2022-08-26,2022Q3,dd-trace,257690
2022-08-27,2022-08-27,2022Q3,dd-trace,39390
2022-08-28,2022-08-28,2022Q3,dd-trace,33324
2022-08-29,2022-08-29,2022Q3,dd-trace,286219
2022-08-30,2022-08-30,2022Q3,dd-trace,325560
2022-08-31,2022-08-31,2022Q3,dd-trace,319290
2022-09-01,2022-09-01,2022Q3,dd-trace,308998
2022-09-02,2022-09-02,2022Q3,dd-trace,235597
2022-09-03,2022-09-03,2022Q3,dd-trace,34255
2022-09-04,2022-09-04,2022Q3,dd-trace,35104
2022-09-05,2022-09-05,2022Q3,dd-trace,156842
2022-09-06,2022-09-06,2022Q3,dd-trace,285428
2022-09-07,2022-09-07,2022Q3,dd-trace,298089
2022-09-08,2022-09-08,2022Q3,dd-trace,322149
2022-09-09,2022-09-09,2022Q3,dd-trace,262244
2022-09-10,2022-09-10,2022Q3,dd-trace,37864
2022-09-11,2022-09-11,2022Q3,dd-trace,38720
2022-09-12,2022-09-12,2022Q3,dd-trace,290223
2022-09-13,2022-09-13,2022Q3,dd-trace,336788
2022-09-14,2022-09-14,2022Q3,dd-trace,335452
2022-09-15,2022-09-15,2022Q3,dd-trace,332687
2022-09-16,2022-09-16,2022Q3,dd-trace,282899
2022-09-17,2022-09-17,2022Q3,dd-trace,45044
2022-09-18,2022-09-18,2022Q3,dd-trace,42246
2022-09-19,2022-09-19,2022Q3,dd-trace,289370
2022-09-20,2022-09-20,2022Q3,dd-trace,335895
2022-09-21,2022-09-21,2022Q3,dd-trace,322660
2022-09-22,2022-09-22,2022Q3,dd-trace,321924
2022-09-23,2022-09-23,2022Q3,dd-trace,264175
2022-09-24,2022-09-24,2022Q3,dd-trace,42341
2022-09-25,2022-09-25,2022Q3,dd-trace,32762
2022-09-26,2022-09-26,2022Q3,dd-trace,310402
2022-09-27,2022-09-27,2022Q3,dd-trace,328615
2022-09-28,2022-09-28,2022Q3,dd-trace,342166
2022-09-29,2022-09-29,2022Q3,dd-trace,345756
2022-09-30,2022-09-30,2022Q3,dd-trace,254956
2022-10-01,2022-10-01,2022Q4,dd-trace,40777
2022-10-02,2022-10-02,2022Q4,dd-trace,36747
2022-10-03,2022-10-03,2022Q4,dd-trace,274843
2022-10-04,2022-10-04,2022Q4,dd-trace,310758
2022-10-05,2022-10-05,2022Q4,dd-trace,298990
2022-10-06,2022-10-06,2022Q4,dd-trace,324238
2022-10-07,2022-10-07,2022Q4,dd-trace,266158
2022-10-08,2022-10-08,2022Q4,dd-trace,46656
2022-10-09,2022-10-09,2022Q4,dd-trace,39727
2022-10-10,2022-10-10,2022Q4,dd-trace,235282
2022-10-11,2022-10-11,2022Q4,dd-trace,326420
2022-10-12,2022-10-12,2022Q4,dd-trace,333862
2022-10-13,2022-10-13,2022Q4,dd-trace,341413
2022-10-14,2022-10-14,2022Q4,dd-trace,310566
2022-10-15,2022-10-15,2022Q4,dd-trace,46748
2022-10-16,2022-10-16,2022Q4,dd-trace,36770
2022-10-17,2022-10-17,2022Q4,dd-trace,313408
2022-10-18,2022-10-18,2022Q4,dd-trace,339142
2022-10-19,2022-10-19,2022Q4,dd-trace,336209
2022-10-20,2022-10-20,2022Q4,dd-trace,329351
2022-10-21,2022-10-21,2022Q4,dd-trace,287840
2022-10-22,2022-10-22,2022Q4,dd-trace,44731
2022-10-23,2022-10-23,2022Q4,dd-trace,44164
2022-10-24,2022-10-24,2022Q4,dd-trace,316105
2022-10-25,2022-10-25,2022Q4,dd-trace,365082
2022-10-26,2022-10-26,2022Q4,dd-trace,362451
2022-10-27,2022-10-27,2022Q4,dd-trace,361566
2022-10-28,2022-10-28,2022Q4,dd-trace,311121
2022-10-29,2022-10-29,2022Q4,dd-trace,55835
2022-10-30,2022-10-30,2022Q4,dd-trace,46773
2022-10-31,2022-10-31,2022Q4,dd-trace,324041
2022-11-01,2022-11-01,2022Q4,dd-trace,329377
2022-11-02,2022-11-02,2022Q4,dd-trace,361327
2022-11-03,2022-11-03,2022Q4,dd-trace,358558
2022-11-04,2022-11-04,2022Q4,dd-trace,305030
2022-11-05,2022-11-05,2022Q4,dd-trace,51272
2022-11-06,2022-11-06,2022Q4,dd-trace,44465
2022-11-07,2022-11-07,2022Q4,dd-trace,334679
2022-11-08,2022-11-08,2022Q4,dd-trace,376068
2022-11-09,2022-11-09,2022Q4,dd-trace,375337
2022-11-10,2022-11-10,2022Q4,dd-trace,359314
2022-11-11,2022-11-11,2022Q4,dd-trace,234653
2022-11-12,2022-11-12,2022Q4,dd-trace,42589
2022-11-13,2022-11-13,2022Q4,dd-trace,41982
2022-11-14,2022-11-14,2022Q4,dd-trace,327738
2022-11-15,2022-11-15,2022Q4,dd-trace,363088
2022-11-16,2022-11-16,2022Q4,dd-trace,369007
2022-11-17,2022-11-17,2022Q4,dd-trace,389156
2022-11-18,2022-11-18,2022Q4,dd-trace,331874
2022-11-19,2022-11-19,2022Q4,dd-trace,60272
2022-11-20,2022-11-20,2022Q4,dd-trace,42482
2022-11-21,2022-11-21,2022Q4,dd-trace,349856
2022-11-22,2022-11-22,2022Q4,dd-trace,368187
2022-11-23,2022-11-23,2022Q4,dd-trace,340478
2022-11-24,2022-11-24,2022Q4,dd-trace,239137
2022-11-25,2022-11-25,2022Q4,dd-trace,181481
2022-11-26,2022-11-26,2022Q4,dd-trace,31916
2022-11-27,2022-11-27,2022Q4,dd-trace,36230
2022-11-28,2022-11-28,2022Q4,dd-trace,327217
2022-11-29,2022-11-29,2022Q4,dd-trace,384597
2022-11-30,2022-11-30,2022Q4,dd-trace,380931
2022-12-01,2022-12-01,2022Q4,dd-trace,371288
2022-12-02,2022-12-02,2022Q4,dd-trace,316782
2022-12-03,2022-12-03,2022Q4,dd-trace,61405
2022-12-04,2022-12-04,2022Q4,dd-trace,46733
2022-12-05,2022-12-05,2022Q4,dd-trace,336425
2022-12-06,2022-12-06,2022Q4,dd-trace,388747
2022-12-07,2022-12-07,2022Q4,dd-trace,393395
2022-12-08,2022-12-08,2022Q4,dd-trace,361712
2022-12-09,2022-12-09,2022Q4,dd-trace,308577
2022-12-10,2022-12-10,2022Q4,dd-trace,50280
2022-12-11,2022-12-11,2022Q4,dd-trace,42356
2022-12-12,2022-12-12,2022Q4,dd-trace,325348
2022-12-13,2022-12-13,2022Q4,dd-trace,361381
2022-12-14,2022-12-14,2022Q4,dd-trace,371637
2022-12-15,2022-12-15,2022Q4,dd-trace,353876
2022-12-16,2022-12-16,2022Q4,dd-trace,309129
2022-12-17,2022-12-17,2022Q4,dd-trace,52839
2022-12-18,2022-12-18,2022Q4,dd-trace,42611
2022-12-19,2022-12-19,2022Q4,dd-trace,293367
2022-12-20,2022-12-20,2022Q4,dd-trace,310765
2022-12-21,2022-12-21,2022Q4,dd-trace,288105
2022-12-22,2022-12-22,2022Q4,dd-trace,257312
2022-12-23,2022-12-23,2022Q4,dd-trace,157736
2022-12-24,2022-12-24,2022Q4,dd-trace,31262
2022-12-25,2022-12-25,2022Q4,dd-trace,27591
2022-12-26,2022-12-26,2022Q4,dd-trace,76407
2022-12-27,2022-12-27,2022Q4,dd-trace,135225
2022-12-28,2022-12-28,2022Q4,dd-trace,149010
2022-12-29,2022-12-29,2022Q4,dd-trace,143295
2022-12-30,2022-12-30,2022Q4,dd-trace,104726
2022-12-31,2022-12-31,2022Q4,dd-trace,29025
2023-01-01,2023-01-01,2023Q1,dd-trace,29247
2023-01-02,2023-01-02,2023Q1,dd-trace,103697
2023-01-03,2023-01-03,2023Q1,dd-trace,285607
2023-01-04,2023-01-04,2023Q1,dd-trace,314678
2023-01-05,2023-01-05,2023Q1,dd-trace,328630
2023-01-06,2023-01-06,2023Q1,dd-trace,270585
2023-01-07,2023-01-07,2023Q1,dd-trace,49984
2023-01-08,2023-01-08,2023Q1,dd-trace,41493
2023-01-09,2023-01-09,2023Q1,dd-trace,321842
2023-01-10,2023-01-10,2023Q1,dd-trace,371869
2023-01-11,2023-01-11,2023Q1,dd-trace,372583
2023-01-12,2023-01-12,2023Q1,dd-trace,352326
2023-01-13,2023-01-13,2023Q1,dd-trace,310679
2023-01-14,2023-01-14,2023Q1,dd-trace,51567
2023-01-15,2023-01-15,2023Q1,dd-trace,42628
2023-01-16,2023-01-16,2023Q1,dd-trace,224697
2023-01-17,2023-01-17,2023Q1,dd-trace,335557
2023-01-18,2023-01-18,2023Q1,dd-trace,347016
2023-01-19,2023-01-19,2023Q1,dd-trace,336267
2023-01-20,2023-01-20,2023Q1,dd-trace,299122
2023-01-21,2023-01-21,2023Q1,dd-trace,46264
2023-01-22,2023-01-22,2023Q1,dd-trace,40407
2023-01-23,2023-01-23,2023Q1,dd-trace,309508
2023-01-24,2023-01-24,2023Q1,dd-trace,355352
2023-01-25,2023-01-25,2023Q1,dd-trace,356426
2023-01-26,2023-01-26,2023Q1,dd-trace,337548
2023-01-27,2023-01-27,2023Q1,dd-trace,301313
2023-01-28,2023-01-28,2023Q1,dd-trace,54602
2023-01-29,2023-01-29,2023Q1,dd-trace,49099
2023-01-30,2023-01-30,2023Q1,dd-trace,328878
2023-01-31,2023-01-31,2023Q1,dd-trace,368418
2023-02-01,2023-02-01,2023Q1,dd-trace,401624
2023-02-02,2023-02-02,2023Q1,dd-trace,371347
2023-02-03,2023-02-03,2023Q1,dd-trace,326842
2023-02-04,2023-02-04,2023Q1,dd-trace,55627
2023-02-05,2023-02-05,2023Q1,dd-trace,43535
2023-02-06,2023-02-06,2023Q1,dd-trace,353106
2023-02-07,2023-02-07,2023Q1,dd-trace,405119
2023-02-08,2023-02-08,2023Q1,dd-trace,397857
2023-02-09,2023-02-09,2023Q1,dd-trace,384483
2023-02-10,2023-02-10,2023Q1,dd-trace,331950
2023-02-11,2023-02-11,2023Q1,dd-trace,50646
2023-02-12,2023-02-12,2023Q1,dd-trace,45747
2023-02-13,2023-02-13,2023Q1,dd-trace,339883
2023-02-14,2023-02-14,2023Q1,dd-trace,384591
2023-02-15,2023-02-15,2023Q1,dd-trace,381528
2023-02-16,2023-02-16,2023Q1,dd-trace,380900
2023-02-17,2023-02-17,2023Q1,dd-trace,350161
2023-02-18,2023-02-18,2023Q1,dd-trace,59881
2023-02-19,2023-02-19,2023Q1,dd-trace,47623
2023-02-20,2023-02-20,2023Q1,dd-trace,231558
2023-02-21,2023-02-21,2023Q1,dd-trace,360897
2023-02-22,2023-02-22,2023Q1,dd-trace,405032
2023-02-23,2023-02-23,2023Q1,dd-trace,405660
2023-02-24,2023-02-24,2023Q1,dd-trace,380458
2023-02-25,2023-02-25,2023Q1,dd-trace,75395
2023-02-26,2023-02-26,2023Q1,dd-trace,56238
2023-02-27,2023-02-27,2023Q1,dd-trace,321458
2023-02-28,2023-02-28,2023Q1,dd-trace,354677
2023-03-01,2023-03-01,2023Q1,dd-trace,414403
2023-03-02,2023-03-02,2023Q1,dd-trace,435368
2023-03-03,2023-03-03,2023Q1,dd-trace,380155
2023-03-04,2023-03-04,2023Q1,dd-trace,66116
2023-03-05,2023-03-05,2023Q1,dd-trace,51217
2023-03-06,2023-03-06,2023Q1,dd-trace,416327
2023-03-07,2023-03-07,2023Q1,dd-trace,465404
2023-03-08,2023-03-08,2023Q1,dd-trace,426998
2023-03-09,2023-03-09,2023Q1,dd-trace,463483
2023-03-10,2023-03-10,2023Q1,dd-trace,403294
2023-03-11,2023-03-11,2023Q1,dd-trace,70490
2023-03-12,2023-03-12,2023Q1,dd-trace,59143
2023-03-13,2023-03-13,2023Q1,dd-trace,448062
2023-03-14,2023-03-14,2023Q1,dd-trace,470054
2023-03-15,2023-03-15,2023Q1,dd-trace,466023
2023-03-16,2023-03-16,2023Q1,dd-trace,458951
2023-03-17,2023-03-17,2023Q1,dd-trace,344041
2023-03-18,2023-03-18,2023Q1,dd-trace,51773
2023-03-19,2023-03-19,2023Q1,dd-trace,62124
2023-03-20,2023-03-20,2023Q1,dd-trace,415831
2023-03-21,2023-03-21,2023Q1,dd-trace,458185
2023-03-22,2023-03-22,2023Q1,dd-trace,462237
2023-03-23,2023-03-23,2023Q1,dd-trace,445354
2023-03-24,2023-03-24,2023Q1,dd-trace,371161
2023-03-25,2023-03-25,2023Q1,dd-trace,55598
2023-03-26,2023-03-26,2023Q1,dd-trace,59485
2023-03-27,2023-03-27,2023Q1,dd-trace,418656
2023-03-28,2023-03-28,2023Q1,dd-trace,469283
2023-03-29,2023-03-29,2023Q1,dd-trace,445651
2023-03-30,2023-03-30,2023Q1,dd-trace,461252
2023-03-31,2023-03-31,2023Q1,dd-trace,379476
2023-04-01,2023-04-01,2023Q2,dd-trace,57686
2023-04-02,2023-04-02,2023Q2,dd-trace,58236
2023-04-03,2023-04-03,2023Q2,dd-trace,443629
2023-04-04,2023-04-04,2023Q2,dd-trace,460030
2023-04-05,2023-04-05,2023Q2,dd-trace,402362
2023-04-06,2023-04-06,2023Q2,dd-trace,420186
2023-04-07,2023-04-07,2023Q2,dd-trace,283545
2023-04-08,2023-04-08,2023Q2,dd-trace,44712
2023-04-09,2023-04-09,2023Q2,dd-trace,48924
2023-04-10,2023-04-10,2023Q2,dd-trace,325348
2023-04-11,2023-04-11,2023Q2,dd-trace,440467
2023-04-12,2023-04-12,2023Q2,dd-trace,411891
2023-04-13,2023-04-13,2023Q2,dd-trace,413833
2023-04-14,2023-04-14,2023Q2,dd-trace,360702
2023-04-15,2023-04-15,2023Q2,dd-trace,47625
2023-04-16,2023-04-16,2023Q2,dd-trace,59395
2023-04-17,2023-04-17,2023Q2,dd-trace,397800
2023-04-18,2023-04-18,2023Q2,dd-trace,431612
2023-04-19,2023-04-19,2023Q2,dd-trace,416214
2023-04-20,2023-04-20,2023Q2,dd-trace,398116
2023-04-21,2023-04-21,2023Q2,dd-trace,326334
2023-04-22,2023-04-22,2023Q2,dd-trace,52482
2023-04-23,2023-04-23,2023Q2,dd-trace,65902
2023-04-24,2023-04-24,2023Q2,dd-trace,402605
2023-04-25,2023-04-25,2023Q2,dd-trace,430683
2023-04-26,2023-04-26,2023Q2,dd-trace,420583
2023-04-27,2023-04-27,2023Q2,dd-trace,422806
2023-04-28,2023-04-28,2023Q2,dd-trace,358792
2023-04-29,2023-04-29,2023Q2,dd-trace,54596
2023-04-30,2023-04-30,2023Q2,dd-trace,60906
2023-05-01,2023-05-01,2023Q2,dd-trace,276651
2023-05-02,2023-05-02,2023Q2,dd-trace,396367
2023-05-03,2023-05-03,2023Q2,dd-trace,401543
2023-05-04,2023-05-04,2023Q2,dd-trace,403240
2023-05-05,2023-05-05,2023Q2,dd-trace,350231
2023-05-06,2023-05-06,2023Q2,dd-trace,55259
2023-05-07,2023-05-07,2023Q2,dd-trace,58135
2023-05-08,2023-05-08,2023Q2,dd-trace,377183
2023-05-09,2023-05-09,2023Q2,dd-trace,418112
2023-05-10,2023-05-10,2023Q2,dd-trace,406133
2023-05-11,2023-05-11,2023Q2,dd-trace,438542
2023-05-12,2023-05-12,2023Q2,dd-trace,362036
2023-05-13,2023-05-13,2023Q2,dd-trace,55476
2023-05-14,2023-05-14,2023Q2,dd-trace,65810
2023-05-15,2023-05-15,2023Q2,dd-trace,414737
2023-05-16,2023-05-16,2023Q2,dd-trace,423651
2023-05-17,2023-05-17,2023Q2,dd-trace,433776
2023-05-18,2023-05-18,2023Q2,dd-trace,390708
2023-05-19,2023-05-19,2023Q2,dd-trace,351884
2023-05-20,2023-05-20,2023Q2,dd-trace,54866
2023-05-21,2023-05-21,2023Q2,dd-trace,66933
2023-05-22,2023-05-22,2023Q2,dd-trace,362478
2023-05-23,2023-05-23,2023Q2,dd-trace,444459
2023-05-24,2023-05-24,2023Q2,dd-trace,445307
2023-05-25,2023-05-25,2023Q2,dd-trace,418781
2023-05-26,2023-05-26,2023Q2,dd-trace,342506
2023-05-27,2023-05-27,2023Q2,dd-trace,47243
2023-05-28,2023-05-28,2023Q2,dd-trace,61175
2023-05-29,2023-05-29,2023Q2,dd-trace,230676
2023-05-30,2023-05-30,2023Q2,dd-trace,416305
2023-05-31,2023-05-31,2023Q2,dd-trace,442224
2023-06-01,2023-06-01,2023Q2,dd-trace,433153
2023-06-02,2023-06-02,2023Q2,dd-trace,360727
2023-06-03,2023-06-03,2023Q2,dd-trace,55392
2023-06-04,2023-06-04,2023Q2,dd-trace,64055
2023-06-05,2023-06-05,2023Q2,dd-trace,422485
2023-06-06,2023-06-06,2023Q2,dd-trace,441973
2023-06-07,2023-06-07,2023Q2,dd-trace,450345
2023-06-08,2023-06-08,2023Q2,dd-trace,426767
2023-06-09,2023-06-09,2023Q2,dd-trace,360390
2023-06-10,2023-06-10,2023Q2,dd-trace,50202
2023-06-11,2023-06-11,2023Q2,dd-trace,57779
2023-06-12,2023-06-12,2023Q2,dd-trace,421549
2023-06-13,2023-06-13,2023Q2,dd-trace,451119
2023-06-14,2023-06-14,2023Q2,dd-trace,455057
2023-06-15,2023-06-15,2023Q2,dd-trace,450883
2023-06-16,2023-06-16,2023Q2,dd-trace,362676
2023-06-17,2023-06-17,2023Q2,dd-trace,56902
2023-06-18,2023-06-18,2023Q2,dd-trace,66106
2023-06-19,2023-06-19,2023Q2,dd-trace,325397
2023-06-20,2023-06-20,2023Q2,dd-trace,455624
2023-06-21,2023-06-21,2023Q2,dd-trace,474606
2023-06-22,2023-06-22,2023Q2,dd-trace,445822
2023-06-23,2023-06-23,2023Q2,dd-trace,381199
2023-06-24,2023-06-24,2023Q2,dd-trace,56171
2023-06-25,2023-06-25,2023Q2,dd-trace,74135
2023-06-26,2023-06-26,2023Q2,dd-trace,433981
2023-06-27,2023-06-27,2023Q2,dd-trace,462013
2023-06-28,2023-06-28,2023Q2,dd-trace,460410
2023-06-29,2023-06-29,2023Q2,dd-trace,427633
2023-06-30,2023-06-30,2023Q2,dd-trace,321498
2023-07-01,2023-07-01,2023Q3,dd-trace,59979
2023-07-02,2023-07-02,2023Q3,dd-trace,63857
2023-07-03,2023-07-03,2023Q3,dd-trace,294375
2023-07-04,2023-07-04,2023Q3,dd-trace,301080
2023-07-05,2023-07-05,2023Q3,dd-trace,436437
2023-07-06,2023-07-06,2023Q3,dd-trace,463705
2023-07-07,2023-07-07,2023Q3,dd-trace,401412
2023-07-08,2023-07-08,2023Q3,dd-trace,70502
2023-07-09,2023-07-09,2023Q3,dd-trace,69202
2023-07-10,2023-07-10,2023Q3,dd-trace,467121
2023-07-11,2023-07-11,2023Q3,dd-trace,534057
2023-07-12,2023-07-12,2023Q3,dd-trace,489702
2023-07-13,2023-07-13,2023Q3,dd-trace,482246
2023-07-14,2023-07-14,2023Q3,dd-trace,378896
2023-07-15,2023-07-15,2023Q3,dd-trace,58441
2023-07-16,2023-07-16,2023Q3,dd-trace,65129
2023-07-17,2023-07-17,2023Q3,dd-trace,438363
2023-07-18,2023-07-18,2023Q3,dd-trace,468665
2023-07-19,2023-07-19,2023Q3,dd-trace,476847
2023-07-20,2023-07-20,2023Q3,dd-trace,457335
2023-07-21,2023-07-21,2023Q3,dd-trace,405506
2023-07-22,2023-07-22,2023Q3,dd-trace,61620
2023-07-23,2023-07-23,2023Q3,dd-trace,69343
2023-07-24,2023-07-24,2023Q3,dd-trace,461846
2023-07-25,2023-07-25,2023Q3,dd-trace,490872
2023-07-26,2023-07-26,2023Q3,dd-trace,477371
2023-07-27,2023-07-27,2023Q3,dd-trace,465864
2023-07-28,2023-07-28,2023Q3,dd-trace,413859
2023-07-29,2023-07-29,2023Q3,dd-trace,62438
2023-07-30,2023-07-30,2023Q3,dd-trace,71756
2023-07-31,2023-07-31,2023Q3,dd-trace,456745
2023-08-01,2023-08-01,2023Q3,dd-trace,500339
2023-08-02,2023-08-02,2023Q3,dd-trace,470471
2023-08-03,2023-08-03,2023Q3,dd-trace,491352
2023-08-04,2023-08-04,2023Q3,dd-trace,429212
2023-08-05,2023-08-05,2023Q3,dd-trace,59052
2023-08-06,2023-08-06,2023Q3,dd-trace,71251
2023-08-07,2023-08-07,2023Q3,dd-trace,407919
2023-08-08,2023-08-08,2023Q3,dd-trace,516903
2023-08-09,2023-08-09,2023Q3,dd-trace,514483
2023-08-10,2023-08-10,2023Q3,dd-trace,487674
2023-08-11,2023-08-11,2023Q3,dd-trace,412482
2023-08-12,2023-08-12,2023Q3,dd-trace,60521
2023-08-13,2023-08-13,2023Q3,dd-trace,70887
2023-08-14,2023-08-14,2023Q3,dd-trace,458603
2023-08-15,2023-08-15,2023Q3,dd-trace,457502
2023-08-16,2023-08-16,2023Q3,dd-trace,507908
2023-08-17,2023-08-17,2023Q3,dd-trace,482731
2023-08-18,2023-08-18,2023Q3,dd-trace,407197
2023-08-19,2023-08-19,2023Q3,dd-trace,60549
2023-08-20,2023-08-20,2023Q3,dd-trace,64089
2023-08-21,2023-08-21,2023Q3,dd-trace,484369
2023-08-22,2023-08-22,2023Q3,dd-trace,503475
2023-08-23,2023-08-23,2023Q3,dd-trace,510006
2023-08-24,2023-08-24,2023Q3,dd-trace,516426
2023-08-25,2023-08-25,2023Q3,dd-trace,399416
2023-08-26,2023-08-26,2023Q3,dd-trace,71538
2023-08-27,2023-08-27,2023Q3,dd-trace,68524
2023-08-28,2023-08-28,2023Q3,dd-trace,465506
2023-08-29,2023-08-29,2023Q3,dd-trace,529749
2023-08-30,2023-08-30,2023Q3,dd-trace,511870
2023-08-31,2023-08-31,2023Q3,dd-trace,500226
2023-09-01,2023-09-01,2023Q3,dd-trace,409260
2023-09-02,2023-09-02,2023Q3,dd-trace,76110
2023-09-03,2023-09-03,2023Q3,dd-trace,80564
2023-09-04,2023-09-04,2023Q3,dd-trace,269286
2023-09-05,2023-09-05,2023Q3,dd-trace,495176
2023-09-06,2023-09-06,2023Q3,dd-trace,544788
2023-09-07,2023-09-07,2023Q3,dd-trace,508292
2023-09-08,2023-09-08,2023Q3,dd-trace,438640
2023-09-09,2023-09-09,2023Q3,dd-trace,63514
2023-09-10,2023-09-10,2023Q3,dd-trace,57051
2023-09-11,2023-09-11,2023Q3,dd-trace,490156
2023-09-12,2023-09-12,2023Q3,dd-trace,530708
2023-09-13,2023-09-13,2023Q3,dd-trace,524028
2023-09-14,2023-09-14,2023Q3,dd-trace,517804
2023-09-15,2023-09-15,2023Q3,dd-trace,429920
2023-09-16,2023-09-16,2023Q3,dd-trace,59992
2023-09-17,2023-09-17,2023Q3,dd-trace,51525
2023-09-18,2023-09-18,2023Q3,dd-trace,430253
2023-09-19,2023-09-19,2023Q3,dd-trace,471138
2023-09-20,2023-09-20,2023Q3,dd-trace,475194
2023-09-21,2023-09-21,2023Q3,dd-trace,476499
2023-09-22,2023-09-22,2023Q3,dd-trace,403613
2023-09-23,2023-09-23,2023Q3,dd-trace,58423
2023-09-24,2023-09-24,2023Q3,dd-trace,48268
2023-09-25,2023-09-25,2023Q3,dd-trace,444997
2023-09-26,2023-09-26,2023Q3,dd-trace,494396
2023-09-27,2023-09-27,2023Q3,dd-trace,466054
2023-09-28,2023-09-28,2023Q3,dd-trace,450350
2023-09-29,2023-09-29,2023Q3,dd-trace,385954
2023-09-30,2023-09-30,2023Q3,dd-trace,60956
2023-10-01,2023-10-01,2023Q4,dd-trace,65881
2023-10-02,2023-10-02,2023Q4,dd-trace,372993
2023-10-03,2023-10-03,2023Q4,dd-trace,440547
2023-10-04,2023-10-04,2023Q4,dd-trace,445402
2023-10-05,2023-10-05,2023Q4,dd-trace,433963
2023-10-06,2023-10-06,2023Q4,dd-trace,378565
2023-10-07,2023-10-07,2023Q4,dd-trace,58996
2023-10-08,2023-10-08,2023Q4,dd-trace,53875
2023-10-09,2023-10-09,2023Q4,dd-trace,327186
2023-10-10,2023-10-10,2023Q4,dd-trace,448234
2023-10-11,2023-10-11,2023Q4,dd-trace,445686
2023-10-12,2023-10-12,2023Q4,dd-trace,431177
2023-10-13,2023-10-13,2023Q4,dd-trace,346820
2023-10-14,2023-10-14,2023Q4,dd-trace,56717
2023-10-15,2023-10-15,2023Q4,dd-trace,55353
2023-10-16,2023-10-16,2023Q4,dd-trace,403727
2023-10-17,2023-10-17,2023Q4,dd-trace,439183
2023-10-18,2023-10-18,2023Q4,dd-trace,460793
2023-10-19,2023-10-19,2023Q4,dd-trace,443792
2023-10-20,2023-10-20,2023Q4,dd-trace,377420
2023-10-21,2023-10-21,2023Q4,dd-trace,61652
2023-10-22,2023-10-22,2023Q4,dd-trace,55063
2023-10-23,2023-10-23,2023Q4,dd-trace,406791
2023-10-24,2023-10-24,2023Q4,dd-trace,436142
2023-10-25,2023-10-25,2023Q4,dd-trace,454545
2023-10-26,2023-10-26,2023Q4,dd-trace,444031
2023-10-27,2023-10-27,2023Q4,dd-trace,388008
2023-10-28,2023-10-28,2023Q4,dd-trace,54486
2023-10-29,2023-10-29,2023Q4,dd-trace,52989
2023-10-30,2023-10-30,2023Q4,dd-trace,409777
2023-10-31,2023-10-31,2023Q4,dd-trace,427961
2023-11-01,2023-11-01,2023Q4,dd-trace,364011
2023-11-02,2023-11-02,2023Q4,dd-trace,120291
2023-11-03,2023-11-03,2023Q4,dd-trace,0
2023-11-04,2023-11-04,2023Q4,dd-trace,58485
2023-11-05,2023-11-05,2023Q4,dd-trace,58032
2023-11-06,2023-11-06,2023Q4,dd-trace,404232
2023-11-07,2023-11-07,2023Q4,dd-trace,439292
2023-11-08,2023-11-08,2023Q4,dd-trace,438040
2023-11-09,2023-11-09,2023Q4,dd-trace,429430
2023-11-10,2023-11-10,2023Q4,dd-trace,337449
2023-11-11,2023-11-11,2023Q4,dd-trace,58637
2023-11-12,2023-11-12,2023Q4,dd-trace,55761
2023-11-13,2023-11-13,2023Q4,dd-trace,382569
2023-11-14,2023-11-14,2023Q4,dd-trace,417058
2023-11-15,2023-11-15,2023Q4,dd-trace,405474
2023-11-16,2023-11-16,2023Q4,dd-trace,413241
2023-11-17,2023-11-17,2023Q4,dd-trace,344620
2023-11-18,2023-11-18,2023Q4,dd-trace,65079
2023-11-19,2023-11-19,2023Q4,dd-trace,56212
2023-11-20,2023-11-20,2023Q4,dd-trace,372271
2023-11-21,2023-11-21,2023Q4,dd-trace,409682
2023-11-22,2023-11-22,2023Q4,dd-trace,353975
2023-11-23,2023-11-23,2023Q4,dd-trace,247890
2023-11-24,2023-11-24,2023Q4,dd-trace,204727
2023-11-25,2023-11-25,2023Q4,dd-trace,49991
2023-11-26,2023-11-26,2023Q4,dd-trace,61218
2023-11-27,2023-11-27,2023Q4,dd-trace,368264
2023-11-28,2023-11-28,2023Q4,dd-trace,421718
2023-11-29,2023-11-29,2023Q4,dd-trace,424540
2023-11-30,2023-11-30,2023Q4,dd-trace,414005
2023-12-01,2023-12-01,2023Q4,dd-trace,352832
2023-12-02,2023-12-02,2023Q4,dd-trace,79410
2023-12-03,2023-12-03,2023Q4,dd-trace,63406
2023-12-04,2023-12-04,2023Q4,dd-trace,388867
2023-12-05,2023-12-05,2023Q4,dd-trace,413113
2023-12-06,2023-12-06,2023Q4,dd-trace,399392
2023-12-07,2023-12-07,2023Q4,dd-trace,388705
2023-12-08,2023-12-08,2023Q4,dd-trace,330349
2023-12-09,2023-12-09,2023Q4,dd-trace,65044
2023-12-10,2023-12-10,2023Q4,dd-trace,56934
2023-12-11,2023-12-11,2023Q4,dd-trace,380803
2023-12-12,2023-12-12,2023Q4,dd-trace,414888
2023-12-13,2023-12-13,2023Q4,dd-trace,399991
2023-12-14,2023-12-14,2023Q4,dd-trace,398008
2023-12-15,2023-12-15,2023Q4,dd-trace,336757
2023-12-16,2023-12-16,2023Q4,dd-trace,69387
2023-12-17,2023-12-17,2023Q4,dd-trace,58410
2023-12-18,2023-12-18,2023Q4,dd-trace,358019
2023-12-19,2023-12-19,2023Q4,dd-trace,398480
2023-12-20,2023-12-20,2023Q4,dd-trace,358459
2023-12-21,2023-12-21,2023Q4,dd-trace,312929
2023-12-22,2023-12-22,2023Q4,dd-trace,213698
2023-12-23,2023-12-23,2023Q4,dd-trace,41028
2023-12-24,2023-12-24,2023Q4,dd-trace,43041
2023-12-25,2023-12-25,2023Q4,dd-trace,74121
2023-12-26,2023-12-26,2023Q4,dd-trace,123171
2023-12-27,2023-12-27,2023Q4,dd-trace,168430
2023-12-28,2023-12-28,2023Q4,dd-trace,168347
2023-12-29,2023-12-29,2023Q4,dd-trace,132326
2023-12-30,2023-12-30,2023Q4,dd-trace,42045
2023-12-31,2023-12-31,2023Q4,dd-trace,41942
2024-01-01,2024-01-01,2024Q1,dd-trace,67681
2024-01-02,2024-01-02,2024Q1,dd-trace,273618
2024-01-03,2024-01-03,2024Q1,dd-trace,335209
2024-01-04,2024-01-04,2024Q1,dd-trace,344875
2024-01-05,2024-01-05,2024Q1,dd-trace,315073
2024-01-06,2024-01-06,2024Q1,dd-trace,58409
2024-01-07,2024-01-07,2024Q1,dd-trace,53876
2024-01-08,2024-01-08,2024Q1,dd-trace,363338
2024-01-09,2024-01-09,2024Q1,dd-trace,396519
2024-01-10,2024-01-10,2024Q1,dd-trace,410798
2024-01-11,2024-01-11,2024Q1,dd-trace,401778
2024-01-12,2024-01-12,2024Q1,dd-trace,353635
2024-01-13,2024-01-13,2024Q1,dd-trace,63552
2024-01-14,2024-01-14,2024Q1,dd-trace,60185
2024-01-15,2024-01-15,2024Q1,dd-trace,268959
2024-01-16,2024-01-16,2024Q1,dd-trace,386534
2024-01-17,2024-01-17,2024Q1,dd-trace,412804
2024-01-18,2024-01-18,2024Q1,dd-trace,396439
2024-01-19,2024-01-19,2024Q1,dd-trace,365655
2024-01-20,2024-01-20,2024Q1,dd-trace,70187
2024-01-21,2024-01-21,2024Q1,dd-trace,57510
2024-01-22,2024-01-22,2024Q1,dd-trace,398563
2024-01-23,2024-01-23,2024Q1,dd-trace,425610
2024-01-24,2024-01-24,2024Q1,dd-trace,416113
2024-01-25,2024-01-25,2024Q1,dd-trace,431279
2024-01-26,2024-01-26,2024Q1,dd-trace,350188
2024-01-27,2024-01-27,2024Q1,dd-trace,67741
2024-01-28,2024-01-28,2024Q1,dd-trace,61803
2024-01-29,2024-01-29,2024Q1,dd-trace,399501
2024-01-30,2024-01-30,2024Q1,dd-trace,435212
2024-01-31,2024-01-31,2024Q1,dd-trace,418999
2024-02-01,2024-02-01,2024Q1,dd-trace,416741
2024-02-02,2024-02-02,2024Q1,dd-trace,365933
2024-02-03,2024-02-03,2024Q1,dd-trace,66055
2024-02-04,2024-02-04,2024Q1,dd-trace,62914
2024-02-05,2024-02-05,2024Q1,dd-trace,391464
2024-02-06,2024-02-06,2024Q1,dd-trace,406585
2024-02-07,2024-02-07,2024Q1,dd-trace,401670
2024-02-08,2024-02-08,2024Q1,dd-trace,404880
2024-02-09,2024-02-09,2024Q1,dd-trace,352386
2024-02-10,2024-02-10,2024Q1,dd-trace,66564
2024-02-11,2024-02-11,2024Q1,dd-trace,60089
2024-02-12,2024-02-12,2024Q1,dd-trace,363903
2024-02-13,2024-02-13,2024Q1,dd-trace,424963
2024-02-14,2024-02-14,2024Q1,dd-trace,404219
2024-02-15,2024-02-15,2024Q1,dd-trace,411876
2024-02-16,2024-02-16,2024Q1,dd-trace,357211
2024-02-17,2024-02-17,2024Q1,dd-trace,67029
2024-02-18,2024-02-18,2024Q1,dd-trace,62448
2024-02-19,2024-02-19,2024Q1,dd-trace,294396
2024-02-20,2024-02-20,2024Q1,dd-trace,424096
2024-02-21,2024-02-21,2024Q1,dd-trace,443760
2024-02-22,2024-02-22,2024Q1,dd-trace,440130
2024-02-23,2024-02-23,2024Q1,dd-trace,382525
2024-02-24,2024-02-24,2024Q1,dd-trace,73251
2024-02-25,2024-02-25,2024Q1,dd-trace,68509
2024-02-26,2024-02-26,2024Q1,dd-trace,425532
2024-02-27,2024-02-27,2024Q1,dd-trace,464492
2024-02-28,2024-02-28,2024Q1,dd-trace,462396
2024-02-29,2024-02-29,2024Q1,dd-trace,449406
2024-03-01,2024-03-01,2024Q1,dd-trace,379572
2024-03-02,2024-03-02,2024Q1,dd-trace,66775
2024-03-03,2024-03-03,2024Q1,dd-trace,59848
2024-03-04,2024-03-04,2024Q1,dd-trace,415988
2024-03-05,2024-03-05,2024Q1,dd-trace,439549
2024-03-06,2024-03-06,2024Q1,dd-trace,448551
2024-03-07,2024-03-07,2024Q1,dd-trace,467579
2024-03-08,2024-03-08,2024Q1,dd-trace,383880
2024-03-09,2024-03-09,2024Q1,dd-trace,72505
2024-03-10,2024-03-10,2024Q1,dd-trace,66726
2024-03-11,2024-03-11,2024Q1,dd-trace,468491
2024-03-12,2024-03-12,2024Q1,dd-trace,477658
2024-03-13,2024-03-13,2024Q1,dd-trace,470023
2024-03-14,2024-03-14,2024Q1,dd-trace,446703
2024-03-15,2024-03-15,2024Q1,dd-trace,394939
2024-03-16,2024-03-16,2024Q1,dd-trace,65371
2024-03-17,2024-03-17,2024Q1,dd-trace,63473
2024-03-18,2024-03-18,2024Q1,dd-trace,457553
2024-03-19,2024-03-19,2024Q1,dd-trace,471440
2024-03-20,2024-03-20,2024Q1,dd-trace,456093
2024-03-21,2024-03-21,2024Q1,dd-trace,478795
2024-03-22,2024-03-22,2024Q1,dd-trace,405134
2024-03-23,2024-03-23,2024Q1,dd-trace,67908
2024-03-24,2024-03-24,2024Q1,dd-trace,67965
2024-03-25,2024-03-25,2024Q1,dd-trace,447771
2024-03-26,2024-03-26,2024Q1,dd-trace,319190
2024-03-27,2024-03-27,2024Q1,dd-trace,481997
2024-03-28,2024-03-28,2024Q1,dd-trace,445638
2024-03-29,2024-03-29,2024Q1,dd-trace,286168
2024-03-30,2024-03-30,2024Q1,dd-trace,62556
2024-03-31,2024-03-31,2024Q1,dd-trace,67171
2024-04-01,2024-04-01,2024Q2,dd-trace,335972
2024-04-02,2024-04-02,2024Q2,dd-trace,469244
2024-04-03,2024-04-03,2024Q2,dd-trace,493254
2024-04-04,2024-04-04,2024Q2,dd-trace,475355
2024-04-05,2024-04-05,2024Q2,dd-trace,397985
2024-04-06,2024-04-06,2024Q2,dd-trace,67098
2024-04-07,2024-04-07,2024Q2,dd-trace,72139
2024-04-08,2024-04-08,2024Q2,dd-trace,436249
2024-04-09,2024-04-09,2024Q2,dd-trace,445361
2024-04-10,2024-04-10,2024Q2,dd-trace,433864
2024-04-11,2024-04-11,2024Q2,dd-trace,457352
2024-04-12,2024-04-12,2024Q2,dd-trace,394888
2024-04-13,2024-04-13,2024Q2,dd-trace,58933
2024-04-14,2024-04-14,2024Q2,dd-trace,59354
2024-04-15,2024-04-15,2024Q2,dd-trace,440444
2024-04-16,2024-04-16,2024Q2,dd-trace,466003
2024-04-17,2024-04-17,2024Q2,dd-trace,457502
2024-04-18,2024-04-18,2024Q2,dd-trace,463079
2024-04-19,2024-04-19,2024Q2,dd-trace,383535
2024-04-20,2024-04-20,2024Q2,dd-trace,56764
2024-04-21,2024-04-21,2024Q2,dd-trace,58908
2024-04-22,2024-04-22,2024Q2,dd-trace,433839
2024-04-23,2024-04-23,2024Q2,dd-trace,472582
2024-04-24,2024-04-24,2024Q2,dd-trace,465408
2024-04-25,2024-04-25,2024Q2,dd-trace,466492
2024-04-26,2024-04-26,2024Q2,dd-trace,390456
2024-04-27,2024-04-27,2024Q2,dd-trace,60313
2024-04-28,2024-04-28,2024Q2,dd-trace,56792
2024-04-29,2024-04-29,2024Q2,dd-trace,434504
2024-04-30,2024-04-30,2024Q2,dd-trace,473660
2024-05-01,2024-05-01,2024Q2,dd-trace,334332
2024-05-02,2024-05-02,2024Q2,dd-trace,436024
2024-05-03,2024-05-03,2024Q2,dd-trace,373020
2024-05-04,2024-05-04,2024Q2,dd-trace,69068
2024-05-05,2024-05-05,2024Q2,dd-trace,65870
2024-05-06,2024-05-06,2024Q2,dd-trace,397536
2024-05-07,2024-05-07,2024Q2,dd-trace,465014
2024-05-08,2024-05-08,2024Q2,dd-trace,450114
2024-05-09,2024-05-09,2024Q2,dd-trace,408338
2024-05-10,2024-05-10,2024Q2,dd-trace,385292
2024-05-11,2024-05-11,2024Q2,dd-trace,65854
2024-05-12,2024-05-12,2024Q2,dd-trace,59834
2024-05-13,2024-05-13,2024Q2,dd-trace,454813
2024-05-14,2024-05-14,2024Q2,dd-trace,477568
2024-05-15,2024-05-15,2024Q2,dd-trace,469560
2024-05-16,2024-05-16,2024Q2,dd-trace,472467
2024-05-17,2024-05-17,2024Q2,dd-trace,409001
2024-05-18,2024-05-18,2024Q2,dd-trace,53999
2024-05-19,2024-05-19,2024Q2,dd-trace,58064
2024-05-20,2024-05-20,2024Q2,dd-trace,397450
2024-05-21,2024-05-21,2024Q2,dd-trace,486856
2024-05-22,2024-05-22,2024Q2,dd-trace,482271
2024-05-23,2024-05-23,2024Q2,dd-trace,454318
2024-05-24,2024-05-24,2024Q2,dd-trace,387380
2024-05-25,2024-05-25,2024Q2,dd-trace,54229
2024-05-26,2024-05-26,2024Q2,dd-trace,58161
2024-05-27,2024-05-27,2024Q2,dd-trace,281293
2024-05-28,2024-05-28,2024Q2,dd-trace,461757
2024-05-29,2024-05-29,2024Q2,dd-trace,486414
2024-05-30,2024-05-30,2024Q2,dd-trace,448217
2024-05-31,2024-05-31,2024Q2,dd-trace,400100
2024-06-01,2024-06-01,2024Q2,dd-trace,61971
2024-06-02,2024-06-02,2024Q2,dd-trace,62687
2024-06-03,2024-06-03,2024Q2,dd-trace,461903
2024-06-04,2024-06-04,2024Q2,dd-trace,478798
2024-06-05,2024-06-05,2024Q2,dd-trace,478297
2024-06-06,2024-06-06,2024Q2,dd-trace,478690
2024-06-07,2024-06-07,2024Q2,dd-trace,403259
2024-06-08,2024-06-08,2024Q2,dd-trace,62607
2024-06-09,2024-06-09,2024Q2,dd-trace,60685
2024-06-10,2024-06-10,2024Q2,dd-trace,452215
2024-06-11,2024-06-11,2024Q2,dd-trace,490436
2024-06-12,2024-06-12,2024Q2,dd-trace,479301
2024-06-13,2024-06-13,2024Q2,dd-trace,493030
2024-06-14,2024-06-14,2024Q2,dd-trace,412769
2024-06-15,2024-06-15,2024Q2,dd-trace,61576
2024-06-16,2024-06-16,2024Q2,dd-trace,60395
2024-06-17,2024-06-17,2024Q2,dd-trace,435955
2024-06-18,2024-06-18,2024Q2,dd-trace,483209
2024-06-19,2024-06-19,2024Q2,dd-trace,364229
2024-06-20,2024-06-20,2024Q2,dd-trace,453645
2024-06-21,2024-06-21,2024Q2,dd-trace,401353
2024-06-22,2024-06-22,2024Q2,dd-trace,64622
2024-06-23,2024-06-23,2024Q2,dd-trace,63254
2024-06-24,2024-06-24,2024Q2,dd-trace,454945
2024-06-25,2024-06-25,2024Q2,dd-trace,491515
2024-06-26,2024-06-26,2024Q2,dd-trace,492717
2024-06-27,2024-06-27,2024Q2,dd-trace,494568
2024-06-28,2024-06-28,2024Q2,dd-trace,381427
2024-06-29,2024-06-29,2024Q2,dd-trace,57680
2024-06-30,2024-06-30,2024Q2,dd-trace,59281
2024-07-01,2024-07-01,2024Q3,dd-trace,445329
2024-07-02,2024-07-02,2024Q3,dd-trace,506321
2024-07-03,2024-07-03,2024Q3,dd-trace,480082
2024-07-04,2024-07-04,2024Q3,dd-trace,307160
2024-07-05,2024-07-05,2024Q3,dd-trace,285899
2024-07-06,2024-07-06,2024Q3,dd-trace,52932
2024-07-07,2024-07-07,2024Q3,dd-trace,59864
2024-07-08,2024-07-08,2024Q3,dd-trace,459297
2024-07-09,2024-07-09,2024Q3,dd-trace,480158
2024-07-10,2024-07-10,2024Q3,dd-trace,485087
2024-07-11,2024-07-11,2024Q3,dd-trace,482294
2024-07-12,2024-07-12,2024Q3,dd-trace,421421
2024-07-13,2024-07-13,2024Q3,dd-trace,65118
2024-07-14,2024-07-14,2024Q3,dd-trace,62062
2024-07-15,2024-07-15,2024Q3,dd-trace,446645
2024-07-16,2024-07-16,2024Q3,dd-trace,489645
2024-07-17,2024-07-17,2024Q3,dd-trace,505179
2024-07-18,2024-07-18,2024Q3,dd-trace,495454
2024-07-19,2024-07-19,2024Q3,dd-trace,408581
2024-07-20,2024-07-20,2024Q3,dd-trace,60864
2024-07-21,2024-07-21,2024Q3,dd-trace,61085
2024-07-22,2024-07-22,2024Q3,dd-trace,472533
2024-07-23,2024-07-23,2024Q3,dd-trace,519806
2024-07-24,2024-07-24,2024Q3,dd-trace,505350
2024-07-25,2024-07-25,2024Q3,dd-trace,488687
2024-07-26,2024-07-26,2024Q3,dd-trace,400580
2024-07-27,2024-07-27,2024Q3,dd-trace,60127
2024-07-28,2024-07-28,2024Q3,dd-trace,65269
2024-07-29,2024-07-29,2024Q3,dd-trace,474643
2024-07-30,2024-07-30,2024Q3,dd-trace,499013
2024-07-31,2024-07-31,2024Q3,dd-trace,496532
2024-08-01,2024-08-01,2024Q3,dd-trace,509690
2024-08-02,2024-08-02,2024Q3,dd-trace,430832
2024-08-03,2024-08-03,2024Q3,dd-trace,67160
2024-08-04,2024-08-04,2024Q3,dd-trace,65590
2024-08-05,2024-08-05,2024Q3,dd-trace,483275
2024-08-06,2024-08-06,2024Q3,dd-trace,544204
2024-08-07,2024-08-07,2024Q3,dd-trace,557660
2024-08-08,2024-08-08,2024Q3,dd-trace,562187
2024-08-09,2024-08-09,2024Q3,dd-trace,451032
2024-08-10,2024-08-10,2024Q3,dd-trace,79670
2024-08-11,2024-08-11,2024Q3,dd-trace,76996
2024-08-12,2024-08-12,2024Q3,dd-trace,490315
2024-08-13,2024-08-13,2024Q3,dd-trace,558636
2024-08-14,2024-08-14,2024Q3,dd-trace,531147
2024-08-15,2024-08-15,2024Q3,dd-trace,442586
2024-08-16,2024-08-16,2024Q3,dd-trace,425166
2024-08-17,2024-08-17,2024Q3,dd-trace,68043
2024-08-18,2024-08-18,2024Q3,dd-trace,67168
2024-08-19,2024-08-19,2024Q3,dd-trace,482139
2024-08-20,2024-08-20,2024Q3,dd-trace,548917
2024-08-21,2024-08-21,2024Q3,dd-trace,501316
2024-08-22,2024-08-22,2024Q3,dd-trace,508322
2024-08-23,2024-08-23,2024Q3,dd-trace,441476
2024-08-24,2024-08-24,2024Q3,dd-trace,70133
2024-08-25,2024-08-25,2024Q3,dd-trace,73364
2024-08-26,2024-08-26,2024Q3,dd-trace,484151
2024-08-27,2024-08-27,2024Q3,dd-trace,545317
2024-08-28,2024-08-28,2024Q3,dd-trace,533755
2024-08-29,2024-08-29,2024Q3,dd-trace,513454
2024-08-30,2024-08-30,2024Q3,dd-trace,409245
2024-08-31,2024-08-31,2024Q3,dd-trace,67683
2024-09-01,2024-09-01,2024Q3,dd-trace,76891
2024-09-02,2024-09-02,2024Q3,dd-trace,314744
2024-09-03,2024-09-03,2024Q3,dd-trace,518372
2024-09-04,2024-09-04,2024Q3,dd-trace,555284
2024-09-05,2024-09-05,2024Q3,dd-trace,547310
2024-09-06,2024-09-06,2024Q3,dd-trace,430236
2024-09-07,2024-09-07,2024Q3,dd-trace,68633
2024-09-08,2024-09-08,2024Q3,dd-trace,74715
2024-09-09,2024-09-09,2024Q3,dd-trace,478889
2024-09-10,2024-09-10,2024Q3,dd-trace,521111
2024-09-11,2024-09-11,2024Q3,dd-trace,520717
2024-09-12,2024-09-12,2024Q3,dd-trace,552551
2024-09-13,2024-09-13,2024Q3,dd-trace,463106
2024-09-14,2024-09-14,2024Q3,dd-trace,67091
2024-09-15,2024-09-15,2024Q3,dd-trace,70411
2024-09-16,2024-09-16,2024Q3,dd-trace,478872
2024-09-17,2024-09-17,2024Q3,dd-trace,535679
2024-09-18,2024-09-18,2024Q3,dd-trace,557852
2024-09-19,2024-09-19,2024Q3,dd-trace,538054
2024-09-20,2024-09-20,2024Q3,dd-trace,459213
2024-09-21,2024-09-21,2024Q3,dd-trace,73537
2024-09-22,2024-09-22,2024Q3,dd-trace,77752
2024-09-23,2024-09-23,2024Q3,dd-trace,516661
2024-09-24,2024-09-24,2024Q3,dd-trace,553806
2024-09-25,2024-09-25,2024Q3,dd-trace,555983
2024-09-26,2024-09-26,2024Q3,dd-trace,544415
2024-09-27,2024-09-27,2024Q3,dd-trace,455821
2024-09-28,2024-09-28,2024Q3,dd-trace,75199
2024-09-29,2024-09-29,2024Q3,dd-trace,79997
2024-09-30,2024-09-30,2024Q3,dd-trace,505957
2024-10-01,2024-10-01,2024Q4,dd-trace,538332
2024-10-02,2024-10-02,2024Q4,dd-trace,532806
2024-10-03,2024-10-03,2024Q4,dd-trace,549656
2024-10-04,2024-10-04,2024Q4,dd-trace,522333
2024-10-05,2024-10-05,2024Q4,dd-trace,82606
2024-10-06,2024-10-06,2024Q4,dd-trace,77582
2024-10-07,2024-10-07,2024Q4,dd-trace,579089
2024-10-08,2024-10-08,2024Q4,dd-trace,641888
2024-10-09,2024-10-09,2024Q4,dd-trace,658900
2024-10-10,2024-10-10,2024Q4,dd-trace,641417
2024-10-11,2024-10-11,2024Q4,dd-trace,515641
2024-10-12,2024-10-12,2024Q4,dd-trace,86145
2024-10-13,2024-10-13,2024Q4,dd-trace,78785
2024-10-14,2024-10-14,2024Q4,dd-trace,488806
2024-10-15,2024-10-15,2024Q4,dd-trace,639463
2024-10-16,2024-10-16,2024Q4,dd-trace,605238
2024-10-17,2024-10-17,2024Q4,dd-trace,629358
2024-10-18,2024-10-18,2024Q4,dd-trace,522511
2024-10-19,2024-10-19,2024Q4,dd-trace,81155
2024-10-20,2024-10-20,2024Q4,dd-trace,78852
2024-10-21,2024-10-21,2024Q4,dd-trace,594705
2024-10-22,2024-10-22,2024Q4,dd-trace,637372
2024-10-23,2024-10-23,2024Q4,dd-trace,613363
2024-10-24,2024-10-24,2024Q4,dd-trace,548912
2024-10-25,2024-10-25,2024Q4,dd-trace,539765
2024-10-26,2024-10-26,2024Q4,dd-trace,88060
2024-10-27,2024-10-27,2024Q4,dd-trace,84689
2024-10-28,2024-10-28,2024Q4,dd-trace,588372
2024-10-29,2024-10-29,2024Q4,dd-trace,656801
2024-10-30,2024-10-30,2024Q4,dd-trace,586758
2024-10-31,2024-10-31,2024Q4,dd-trace,558844
2024-11-01,2024-11-01,2024Q4,dd-trace,412539
2024-11-02,2024-11-02,2024Q4,dd-trace,77962
2024-11-03,2024-11-03,2024Q4,dd-trace,81103
2024-11-04,2024-11-04,2024Q4,dd-trace,549343
2024-11-05,2024-11-05,2024Q4,dd-trace,568566
2024-11-06,2024-11-06,2024Q4,dd-trace,591379
2024-11-07,2024-11-07,2024Q4,dd-trace,603627
2024-11-08,2024-11-08,2024Q4,dd-trace,545462
2024-11-09,2024-11-09,2024Q4,dd-trace,87924
2024-11-10,2024-11-10,2024Q4,dd-trace,83819
2024-11-11,2024-11-11,2024Q4,dd-trace,461555
2024-11-12,2024-11-12,2024Q4,dd-trace,615176
2024-11-13,2024-11-13,2024Q4,dd-trace,648002
2024-11-14,2024-11-14,2024Q4,dd-trace,572033
2024-11-15,2024-11-15,2024Q4,dd-trace,549576
2024-11-16,2024-11-16,2024Q4,dd-trace,95252
2024-11-17,2024-11-17,2024Q4,dd-trace,85204
2024-11-18,2024-11-18,2024Q4,dd-trace,613978
2024-11-19,2024-11-19,2024Q4,dd-trace,659673
2024-11-20,2024-11-20,2024Q4,dd-trace,657010
2024-11-21,2024-11-21,2024Q4,dd-trace,705336
2024-11-22,2024-11-22,2024Q4,dd-trace,586320
2024-11-23,2024-11-23,2024Q4,dd-trace,97906
2024-11-24,2024-11-24,2024Q4,dd-trace,86514
2024-11-25,2024-11-25,2024Q4,dd-trace,583867
2024-11-26,2024-11-26,2024Q4,dd-trace,658199
2024-11-27,2024-11-27,2024Q4,dd-trace,520690
2024-11-28,2024-11-28,2024Q4,dd-trace,380242
2024-11-29,2024-11-29,2024Q4,dd-trace,308177
2024-11-30,2024-11-30,2024Q4,dd-trace,53211
2024-12-01,2024-12-01,2024Q4,dd-trace,71765
2024-12-02,2024-12-02,2024Q4,dd-trace,539345
2024-12-03,2024-12-03,2024Q4,dd-trace,616082
2024-12-04,2024-12-04,2024Q4,dd-trace,676831
2024-12-05,2024-12-05,2024Q4,dd-trace,654605
2024-12-06,2024-12-06,2024Q4,dd-trace,530122
2024-12-07,2024-12-07,2024Q4,dd-trace,80190
2024-12-08,2024-12-08,2024Q4,dd-trace,72064
2024-12-09,2024-12-09,2024Q4,dd-trace,605962
2024-12-10,2024-12-10,2024Q4,dd-trace,632009
2024-12-11,2024-12-11,2024Q4,dd-trace,596703
2024-12-12,2024-12-12,2024Q4,dd-trace,594114
2024-12-13,2024-12-13,2024Q4,dd-trace,473361
2024-12-14,2024-12-14,2024Q4,dd-trace,76425
2024-12-15,2024-12-15,2024Q4,dd-trace,75658
2024-12-16,2024-12-16,2024Q4,dd-trace,556389
2024-12-17,2024-12-17,2024Q4,dd-trace,591275
2024-12-18,2024-12-18,2024Q4,dd-trace,597190
2024-12-19,2024-12-19,2024Q4,dd-trace,624079
2024-12-20,2024-12-20,2024Q4,dd-trace,516881
2024-12-21,2024-12-21,2024Q4,dd-trace,73496
2024-12-22,2024-12-22,2024Q4,dd-trace,65476
2024-12-23,2024-12-23,2024Q4,dd-trace,300371
2024-12-24,2024-12-24,2024Q4,dd-trace,207432
2024-12-25,2024-12-25,2024Q4,dd-trace,108630
2024-12-26,2024-12-26,2024Q4,dd-trace,178440
2024-12-27,2024-12-27,2024Q4,dd-trace,190928
2024-12-28,2024-12-28,2024Q4,dd-trace,57784
2024-12-29,2024-12-29,2024Q4,dd-trace,75517
2024-12-30,2024-12-30,2024Q4,dd-trace,241610
2024-12-31,2024-12-31,2024Q4,dd-trace,186725
2025-01-01,2025-01-01,2025Q1,dd-trace,87215
2025-01-02,2025-01-02,2025Q1,dd-trace,339893
2025-01-03,2025-01-03,2025Q1,dd-trace,358261
2025-01-04,2025-01-04,2025Q1,dd-trace,75703
2025-01-05,2025-01-05,2025Q1,dd-trace,73124
2025-01-06,2025-01-06,2025Q1,dd-trace,462651
2025-01-07,2025-01-07,2025Q1,dd-trace,526654
2025-01-08,2025-01-08,2025Q1,dd-trace,566941
2025-01-09,2025-01-09,2025Q1,dd-trace,564530
2025-01-10,2025-01-10,2025Q1,dd-trace,531540
2025-01-11,2025-01-11,2025Q1,dd-trace,81824
2025-01-12,2025-01-12,2025Q1,dd-trace,77850
2025-01-13,2025-01-13,2025Q1,dd-trace,516667
2025-01-14,2025-01-14,2025Q1,dd-trace,584514
2025-01-15,2025-01-15,2025Q1,dd-trace,617717
2025-01-16,2025-01-16,2025Q1,dd-trace,609657
2025-01-17,2025-01-17,2025Q1,dd-trace,569506
2025-01-18,2025-01-18,2025Q1,dd-trace,91501
2025-01-19,2025-01-19,2025Q1,dd-trace,87190
2025-01-20,2025-01-20,2025Q1,dd-trace,440162
2025-01-21,2025-01-21,2025Q1,dd-trace,572848
2025-01-22,2025-01-22,2025Q1,dd-trace,620432
2025-01-23,2025-01-23,2025Q1,dd-trace,644887
2025-01-24,2025-01-24,2025Q1,dd-trace,559702
2025-01-25,2025-01-25,2025Q1,dd-trace,98841
2025-01-26,2025-01-26,2025Q1,dd-trace,93295
2025-01-27,2025-01-27,2025Q1,dd-trace,624858
2025-01-28,2025-01-28,2025Q1,dd-trace,676118
2025-01-29,2025-01-29,2025Q1,dd-trace,651437
2025-01-30,2025-01-30,2025Q1,dd-trace,621930
2025-01-31,2025-01-31,2025Q1,dd-trace,574075
2025-02-01,2025-02-01,2025Q1,dd-trace,115764
2025-02-02,2025-02-02,2025Q1,dd-trace,89754
2025-02-03,2025-02-03,2025Q1,dd-trace,658610
2025-02-04,2025-02-04,2025Q1,dd-trace,671646
2025-02-05,2025-02-05,2025Q1,dd-trace,686870
2025-02-06,2025-02-06,2025Q1,dd-trace,685349
2025-02-07,2025-02-07,2025Q1,dd-trace,600928
2025-02-08,2025-02-08,2025Q1,dd-trace,92805
2025-02-09,2025-02-09,2025Q1,dd-trace,95487
2025-02-10,2025-02-10,2025Q1,dd-trace,640195
2025-02-11,2025-02-11,2025Q1,dd-trace,696783
2025-02-12,2025-02-12,2025Q1,dd-trace,675947
2025-02-13,2025-02-13,2025Q1,dd-trace,689913
2025-02-14,2025-02-14,2025Q1,dd-trace,576984
2025-02-15,2025-02-15,2025Q1,dd-trace,94086
2025-02-16,2025-02-16,2025Q1,dd-trace,107281
2025-02-17,2025-02-17,2025Q1,dd-trace,505577
2025-02-18,2025-02-18,2025Q1,dd-trace,676568
2025-02-19,2025-02-19,2025Q1,dd-trace,733394
2025-02-20,2025-02-20,2025Q1,dd-trace,679189
2025-02-21,2025-02-21,2025Q1,dd-trace,612648
2025-02-22,2025-02-22,2025Q1,dd-trace,101908
2025-02-23,2025-02-23,2025Q1,dd-trace,97903
2025-02-24,2025-02-24,2025Q1,dd-trace,655236
2025-02-25,2025-02-25,2025Q1,dd-trace,753224
2025-02-26,2025-02-26,2025Q1,dd-trace,768085
2025-02-27,2025-02-27,2025Q1,dd-trace,740935
2025-02-28,2025-02-28,2025Q1,dd-trace,641933
2025-03-01,2025-03-01,2025Q1,dd-trace,156395
2025-03-02,2025-03-02,2025Q1,dd-trace,155612
2025-03-03,2025-03-03,2025Q1,dd-trace,696894
2025-03-04,2025-03-04,2025Q1,dd-trace,742665
2025-03-05,2025-03-05,2025Q1,dd-trace,704854
2025-03-06,2025-03-06,2025Q1,dd-trace,729866
2025-03-07,2025-03-07,2025Q1,dd-trace,615076
2025-03-08,2025-03-08,2025Q1,dd-trace,112023
2025-03-09,2025-03-09,2025Q1,dd-trace,115815
2025-03-10,2025-03-10,2025Q1,dd-trace,665941
2025-03-11,2025-03-11,2025Q1,dd-trace,774116
2025-03-12,2025-03-12,2025Q1,dd-trace,757680
2025-03-13,2025-03-13,2025Q1,dd-trace,756587
2025-03-14,2025-03-14,2025Q1,dd-trace,583861
2025-03-15,2025-03-15,2025Q1,dd-trace,98774
2025-03-16,2025-03-16,2025Q1,dd-trace,94200
2025-03-17,2025-03-17,2025Q1,dd-trace,669228
2025-03-18,2025-03-18,2025Q1,dd-trace,730387
2025-03-19,2025-03-19,2025Q1,dd-trace,740607
2025-03-20,2025-03-20,2025Q1,dd-trace,696826
2025-03-21,2025-03-21,2025Q1,dd-trace,580161
2025-03-22,2025-03-22,2025Q1,dd-trace,89936
2025-03-23,2025-03-23,2025Q1,dd-trace,101082
2025-03-24,2025-03-24,2025Q1,dd-trace,678603
2025-03-25,2025-03-25,2025Q1,dd-trace,721576
2025-03-26,2025-03-26,2025Q1,dd-trace,694258
2025-03-27,2025-03-27,2025Q1,dd-trace,694335
2025-03-28,2025-03-28,2025Q1,dd-trace,609506
2025-03-29,2025-03-29,2025Q1,dd-trace,87836
2025-03-30,2025-03-30,2025Q1,dd-trace,110738
2025-03-31,2025-03-31,2025Q1,dd-trace,695475
2025-04-01,2025-04-01,2025Q2,dd-trace,779710
2025-04-02,2025-04-02,2025Q2,dd-trace,727022
2025-04-03,2025-04-03,2025Q2,dd-trace,692280
2025-04-04,2025-04-04,2025Q2,dd-trace,562920
2025-04-05,2025-04-05,2025Q2,dd-trace,91673
2025-04-06,2025-04-06,2025Q2,dd-trace,100623
2025-04-07,2025-04-07,2025Q2,dd-trace,673049
2025-04-08,2025-04-08,2025Q2,dd-trace,718356
2025-04-09,2025-04-09,2025Q2,dd-trace,716495
2025-04-10,2025-04-10,2025Q2,dd-trace,701269
2025-04-11,2025-04-11,2025Q2,dd-trace,579580
2025-04-12,2025-04-12,2025Q2,dd-trace,93000
2025-04-13,2025-04-13,2025Q2,dd-trace,78284
2025-04-14,2025-04-14,2025Q2,dd-trace,673255
2025-04-15,2025-04-15,2025Q2,dd-trace,733133
2025-04-16,2025-04-16,2025Q2,dd-trace,746211
2025-04-17,2025-04-17,2025Q2,dd-trace,691276
2025-04-18,2025-04-18,2025Q2,dd-trace,420362
2025-04-19,2025-04-19,2025Q2,dd-trace,90701
2025-04-20,2025-04-20,2025Q2,dd-trace,100999
2025-04-21,2025-04-21,2025Q2,dd-trace,489685
2025-04-22,2025-04-22,2025Q2,dd-trace,715615
2025-04-23,2025-04-23,2025Q2,dd-trace,709198
2025-04-24,2025-04-24,2025Q2,dd-trace,712099
2025-04-25,2025-04-25,2025Q2,dd-trace,597705
2025-04-26,2025-04-26,2025Q2,dd-trace,91262
2025-04-27,2025-04-27,2025Q2,dd-trace,111251
2025-04-28,2025-04-28,2025Q2,dd-trace,663657
2025-04-29,2025-04-29,2025Q2,dd-trace,710438
2025-04-30,2025-04-30,2025Q2,dd-trace,684014
2025-05-01,2025-05-01,2025Q2,dd-trace,507139
2025-05-02,2025-05-02,2025Q2,dd-trace,531410
2025-05-03,2025-05-03,2025Q2,dd-trace,102512
2025-05-04,2025-05-04,2025Q2,dd-trace,116042
2025-05-05,2025-05-05,2025Q2,dd-trace,612655
2025-05-06,2025-05-06,2025Q2,dd-trace,712701
2025-05-07,2025-05-07,2025Q2,dd-trace,707357
2025-05-08,2025-05-08,2025Q2,dd-trace,655227
2025-05-09,2025-05-09,2025Q2,dd-trace,591148
2025-05-10,2025-05-10,2025Q2,dd-trace,100066
2025-05-11,2025-05-11,2025Q2,dd-trace,102805
2025-05-12,2025-05-12,2025Q2,dd-trace,681594
2025-05-13,2025-05-13,2025Q2,dd-trace,730168
2025-05-14,2025-05-14,2025Q2,dd-trace,737701
2025-05-15,2025-05-15,2025Q2,dd-trace,728819
2025-05-16,2025-05-16,2025Q2,dd-trace,607658
2025-05-17,2025-05-17,2025Q2,dd-trace,105967
2025-05-18,2025-05-18,2025Q2,dd-trace,115599
2025-05-19,2025-05-19,2025Q2,dd-trace,660364
2025-05-20,2025-05-20,2025Q2,dd-trace,739331
2025-05-21,2025-05-21,2025Q2,dd-trace,750847
2025-05-22,2025-05-22,2025Q2,dd-trace,712611
2025-05-23,2025-05-23,2025Q2,dd-trace,599128
2025-05-24,2025-05-24,2025Q2,dd-trace,104365
2025-05-25,2025-05-25,2025Q2,dd-trace,115817
2025-05-26,2025-05-26,2025Q2,dd-trace,420324
2025-05-27,2025-05-27,2025Q2,dd-trace,745307
2025-05-28,2025-05-28,2025Q2,dd-trace,749280
2025-05-29,2025-05-29,2025Q2,dd-trace,667820
2025-05-30,2025-05-30,2025Q2,dd-trace,627770
2025-05-31,2025-05-31,2025Q2,dd-trace,103044
2025-06-01,2025-06-01,2025Q2,dd-trace,110096
2025-06-02,2025-06-02,2025Q2,dd-trace,699072
2025-06-03,2025-06-03,2025Q2,dd-trace,760064
2025-06-04,2025-06-04,2025Q2,dd-trace,750282
2025-06-05,2025-06-05,2025Q2,dd-trace,731454
2025-06-06,2025-06-06,2025Q2,dd-trace,596242
2025-06-07,2025-06-07,2025Q2,dd-trace,103190
2025-06-08,2025-06-08,2025Q2,dd-trace,104907
2025-06-09,2025-06-09,2025Q2,dd-trace,607862
2025-06-10,2025-06-10,2025Q2,dd-trace,715942
2025-06-11,2025-06-11,2025Q2,dd-trace,739130
2025-06-12,2025-06-12,2025Q2,dd-trace,691155
2025-06-13,2025-06-13,2025Q2,dd-trace,642112
2025-06-14,2025-06-14,2025Q2,dd-trace,118070
2025-06-15,2025-06-15,2025Q2,dd-trace,123927
2025-06-16,2025-06-16,2025Q2,dd-trace,718108
2025-06-17,2025-06-17,2025Q2,dd-trace,775841
2025-06-18,2025-06-18,2025Q2,dd-trace,855640
2025-06-19,2025-06-19,2025Q2,dd-trace,507979
2025-06-20,2025-06-20,2025Q2,dd-trace,567140
2025-06-21,2025-06-21,2025Q2,dd-trace,128669
2025-06-22,2025-06-22,2025Q2,dd-trace,135922
2025-06-23,2025-06-23,2025Q2,dd-trace,732282
2025-06-24,2025-06-24,2025Q2,dd-trace,777125
2025-06-25,2025-06-25,2025Q2,dd-trace,752857
2025-06-26,2025-06-26,2025Q2,dd-trace,722254
2025-06-27,2025-06-27,2025Q2,dd-trace,644366
2025-06-28,2025-06-28,2025Q2,dd-trace,118540
2025-06-29,2025-06-29,2025Q2,dd-trace,121676
2025-06-30,2025-06-30,2025Q2,dd-trace,678515
2025-07-01,2025-07-01,2025Q3,dd-trace,702032
2025-07-02,2025-07-02,2025Q3,dd-trace,727414
2025-07-03,2025-07-03,2025Q3,dd-trace,657193
2025-07-04,2025-07-04,2025Q3,dd-trace,371700
2025-07-05,2025-07-05,2025Q3,dd-trace,79277
2025-07-06,2025-07-06,2025Q3,dd-trace,112282
2025-07-07,2025-07-07,2025Q3,dd-trace,663322
2025-07-08,2025-07-08,2025Q3,dd-trace,751000
2025-07-09,2025-07-09,2025Q3,dd-trace,712791
2025-07-10,2025-07-10,2025Q3,dd-trace,707450
2025-07-11,2025-07-11,2025Q3,dd-trace,611376
2025-07-12,2025-07-12,2025Q3,dd-trace,91271
2025-07-13,2025-07-13,2025Q3,dd-trace,105773
2025-07-14,2025-07-14,2025Q3,dd-trace,657185
2025-07-15,2025-07-15,2025Q3,dd-trace,732416
2025-07-16,2025-07-16,2025Q3,dd-trace,726407
2025-07-17,2025-07-17,2025Q3,dd-trace,722394
2025-07-18,2025-07-18,2025Q3,dd-trace,600023
2025-07-19,2025-07-19,2025Q3,dd-trace,101043
2025-07-20,2025-07-20,2025Q3,dd-trace,109540
2025-07-21,2025-07-21,2025Q3,dd-trace,699359
2025-07-22,2025-07-22,2025Q3,dd-trace,782745
2025-07-23,2025-07-23,2025Q3,dd-trace,781969
2025-07-24,2025-07-24,2025Q3,dd-trace,765618
2025-07-25,2025-07-25,2025Q3,dd-trace,632767
2025-07-26,2025-07-26,2025Q3,dd-trace,92247
2025-07-27,2025-07-27,2025Q3,dd-trace,113492
2025-07-28,2025-07-28,2025Q3,dd-trace,685095
2025-07-29,2025-07-29,2025Q3,dd-trace,742499
2025-07-30,2025-07-30,2025Q3,dd-trace,734173
2025-07-31,2025-07-31,2025Q3,dd-trace,710376
2025-08-01,2025-08-01,2025Q3,dd-trace,595077
2025-08-02,2025-08-02,2025Q3,dd-trace,100282
2025-08-03,2025-08-03,2025Q3,dd-trace,114599
2025-08-04,2025-08-04,2025Q3,dd-trace,651574
2025-08-05,2025-08-05,2025Q3,dd-trace,716338
2025-08-06,2025-08-06,2025Q3,dd-trace,749960
2025-08-07,2025-08-07,2025Q3,dd-trace,718562
2025-08-08,2025-08-08,2025Q3,dd-trace,616018
2025-08-09,2025-08-09,2025Q3,dd-trace,98553
2025-08-10,2025-08-10,2025Q3,dd-trace,129604
2025-08-11,2025-08-11,2025Q3,dd-trace,676952
2025-08-12,2025-08-12,2025Q3,dd-trace,729981
2025-08-13,2025-08-13,2025Q3,dd-trace,727334
2025-08-14,2025-08-14,2025Q3,dd-trace,703843
2025-08-15,2025-08-15,2025Q3,dd-trace,518413
2025-08-16,2025-08-16,2025Q3,dd-trace,85937
2025-08-17,2025-08-17,2025Q3,dd-trace,104308
2025-08-18,2025-08-18,2025Q3,dd-trace,676646
2025-08-19,2025-08-19,2025Q3,dd-trace,724964
2025-08-20,2025-08-20,2025Q3,dd-trace,739261
2025-08-21,2025-08-21,2025Q3,dd-trace,732856
2025-08-22,2025-08-22,2025Q3,dd-trace,631146
2025-08-23,2025-08-23,2025Q3,dd-trace,97816
2025-08-24,2025-08-24,2025Q3,dd-trace,118883
2025-08-25,2025-08-25,2025Q3,dd-trace,652362
2025-08-26,2025-08-26,2025Q3,dd-trace,722231
2025-08-27,2025-08-27,2025Q3,dd-trace,725893
2025-08-28,2025-08-28,2025Q3,dd-trace,712856
2025-08-29,2025-08-29,2025Q3,dd-trace,584279
2025-08-30,2025-08-30,2025Q3,dd-trace,86139
2025-08-31,2025-08-31,2025Q3,dd-trace,121679
2025-09-01,2025-09-01,2025Q3,dd-trace,426836
2025-09-02,2025-09-02,2025Q3,dd-trace,693752
2025-09-03,2025-09-03,2025Q3,dd-trace,740093
2025-09-04,2025-09-04,2025Q3,dd-trace,746924
2025-09-05,2025-09-05,2025Q3,dd-trace,612464
2025-09-06,2025-09-06,2025Q3,dd-trace,107085
2025-09-07,2025-09-07,2025Q3,dd-trace,120112
2025-09-08,2025-09-08,2025Q3,dd-trace,703619
2025-09-09,2025-09-09,2025Q3,dd-trace,755228
2025-09-10,2025-09-10,2025Q3,dd-trace,761614
2025-09-11,2025-09-11,2025Q3,dd-trace,740289
2025-09-12,2025-09-12,2025Q3,dd-trace,603213
2025-09-13,2025-09-13,2025Q3,dd-trace,112593
2025-09-14,2025-09-14,2025Q3,dd-trace,127074
2025-09-15,2025-09-15,2025Q3,dd-trace,693466
2025-09-16,2025-09-16,2025Q3,dd-trace,748350
2025-09-17,2025-09-17,2025Q3,dd-trace,743384
2025-09-18,2025-09-18,2025Q3,dd-trace,729170
2025-09-19,2025-09-19,2025Q3,dd-trace,632513
2025-09-20,2025-09-20,2025Q3,dd-trace,100114
2025-09-21,2025-09-21,2025Q3,dd-trace,110443
2025-09-22,2025-09-22,2025Q3,dd-trace,695593
2025-09-23,2025-09-23,2025Q3,dd-trace,695695
2025-09-24,2025-09-24,2025Q3,dd-trace,704328
2025-09-25,2025-09-25,2025Q3,dd-trace,779825
2025-09-26,2025-09-26,2025Q3,dd-trace,639170
2025-09-27,2025-09-27,2025Q3,dd-trace,101118
2025-09-28,2025-09-28,2025Q3,dd-trace,126102
2025-09-29,2025-09-29,2025Q3,dd-trace,740991
2025-09-30,2025-09-30,2025Q3,dd-trace,776565
2025-10-01,2025-10-01,2025Q4,dd-trace,731193
2025-10-02,2025-10-02,2025Q4,dd-trace,708733
2025-10-03,2025-10-03,2025Q4,dd-trace,618088
2025-10-04,2025-10-04,2025Q4,dd-trace,105544
2025-10-05,2025-10-05,2025Q4,dd-trace,117046
2025-10-06,2025-10-06,2025Q4,dd-trace,718464
2025-10-07,2025-10-07,2025Q4,dd-trace,765350
2025-10-08,2025-10-08,2025Q4,dd-trace,784510
2025-10-09,2025-10-09,2025Q4,dd-trace,740905
2025-10-10,2025-10-10,2025Q4,dd-trace,636011
2025-10-11,2025-10-11,2025Q4,dd-trace,112878
2025-10-12,2025-10-12,2025Q4,dd-trace,105837
2025-10-13,2025-10-13,2025Q4,dd-trace,583442
2025-10-14,2025-10-14,2025Q4,dd-trace,758496
2025-10-15,2025-10-15,2025Q4,dd-trace,792799
2025-10-16,2025-10-16,2025Q4,dd-trace,810615
2025-10-17,2025-10-17,2025Q4,dd-trace,687794
2025-10-18,2025-10-18,2025Q4,dd-trace,118473
2025-10-19,2025-10-19,2025Q4,dd-trace,131663
2025-10-20,2025-10-20,2025Q4,dd-trace,611931
2025-10-21,2025-10-21,2025Q4,dd-trace,873351
2025-10-22,2025-10-22,2025Q4,dd-trace,831213
2025-10-23,2025-10-23,2025Q4,dd-trace,781628
2025-10-24,2025-10-24,2025Q4,dd-trace,687081
2025-10-25,2025-10-25,2025Q4,dd-trace,119684
2025-10-26,2025-10-26,2025Q4,dd-trace,136353
2025-10-27,2025-10-27,2025Q4,dd-trace,787823
2025-10-28,2025-10-28,2025Q4,dd-trace,840732
2025-10-29,2025-10-29,2025Q4,dd-trace,808485
2025-10-30,2025-10-30,2025Q4,dd-trace,809208
2025-10-31,2025-10-31,2025Q4,dd-trace,699613
2025-11-01,2025-11-01,2025Q4,dd-trace,120125
2025-11-02,2025-11-02,2025Q4,dd-trace,135071
2025-11-03,2025-11-03,2025Q4,dd-trace,767497
2025-11-04,2025-11-04,2025Q4,dd-trace,833893
2025-11-05,2025-11-05,2025Q4,dd-trace,838566
2025-11-06,2025-11-06,2025Q4,dd-trace,850494
2025-11-07,2025-11-07,2025Q4,dd-trace,720219
2025-11-08,2025-11-08,2025Q4,dd-trace,132597
2025-11-09,2025-11-09,2025Q4,dd-trace,146217
2025-11-10,2025-11-10,2025Q4,dd-trace,796396
2025-11-11,2025-11-11,2025Q4,dd-trace,728214
2025-11-12,2025-11-12,2025Q4,dd-trace,889845
2025-11-13,2025-11-13,2025Q4,dd-trace,885126
2025-11-14,2025-11-14,2025Q4,dd-trace,782628
2025-11-15,2025-11-15,2025Q4,dd-trace,142840
2025-11-16,2025-11-16,2025Q4,dd-trace,160705
2025-11-17,2025-11-17,2025Q4,dd-trace,831771
2025-11-18,2025-11-18,2025Q4,dd-trace,856960
2025-11-19,2025-11-19,2025Q4,dd-trace,923133
2025-11-20,2025-11-20,2025Q4,dd-trace,854092
2025-11-21,2025-11-21,2025Q4,dd-trace,711083
2025-11-22,2025-11-22,2025Q4,dd-trace,133507
2025-11-23,2025-11-23,2025Q4,dd-trace,147012
2025-11-24,2025-11-24,2025Q4,dd-trace,741662
2025-11-25,2025-11-25,2025Q4,dd-trace,815625
2025-11-26,2025-11-26,2025Q4,dd-trace,760623
2025-11-27,2025-11-27,2025Q4,dd-trace,543183
2025-11-28,2025-11-28,2025Q4,dd-trace,418229
2025-11-29,2025-11-29,2025Q4,dd-trace,88138
2025-11-30,2025-11-30,2025Q4,dd-trace,129546
2025-12-01,2025-12-01,2025Q4,dd-trace,741726
2025-12-02,2025-12-02,2025Q4,dd-trace,874143
2025-12-03,2025-12-03,2025Q4,dd-trace,866874
2025-12-04,2025-12-04,2025Q4,dd-trace,864158
2025-12-05,2025-12-05,2025Q4,dd-trace,708253
2025-12-06,2025-12-06,2025Q4,dd-trace,135039
2025-12-07,2025-12-07,2025Q4,dd-trace,158665
2025-12-08,2025-12-08,2025Q4,dd-trace,795822
2025-12-09,2025-12-09,2025Q4,dd-trace,909750
2025-12-10,2025-12-10,2025Q4,dd-trace,915154
2025-12-11,2025-12-11,2025Q4,dd-trace,879318
2025-12-12,2025-12-12,2025Q4,dd-trace,736081
2025-12-13,2025-12-13,2025Q4,dd-trace,127200
2025-12-14,2025-12-14,2025Q4,dd-trace,134907
2025-12-15,2025-12-15,2025Q4,dd-trace,837016
2025-12-16,2025-12-16,2025Q4,dd-trace,905650
2025-12-17,2025-12-17,2025Q4,dd-trace,879642
2025-12-18,2025-12-18,2025Q4,dd-trace,824203
2025-12-19,2025-12-19,2025Q4,dd-trace,643420
2025-12-20,2025-12-20,2025Q4,dd-trace,128029
2025-12-21,2025-12-21,2025Q4,dd-trace,144287
2025-12-22,2025-12-22,2025Q4,dd-trace,579679
2025-12-23,2025-12-23,2025Q4,dd-trace,539929
2025-12-24,2025-12-24,2025Q4,dd-trace,315043
2025-12-25,2025-12-25,2025Q4,dd-trace,150650
2025-12-26,2025-12-26,2025Q4,dd-trace,190895
2025-12-27,2025-12-27,2025Q4,dd-trace,76823
2025-12-28,2025-12-28,2025Q4,dd-trace,113957
2025-12-29,2025-12-29,2025Q4,dd-trace,395475
2025-12-30,2025-12-30,2025Q4,dd-trace,404069
2025-12-31,2025-12-31,2025Q4,dd-trace,298402
2026-01-01,2026-01-01,2026Q1,dd-trace,140445
2026-01-02,2026-01-02,2026Q1,dd-trace,315455
2026-01-03,2026-01-03,2026Q1,dd-trace,89842
2026-01-04,2026-01-04,2026Q1,dd-trace,136762
2026-01-05,2026-01-05,2026Q1,dd-trace,766928
2026-01-06,2026-01-06,2026Q1,dd-trace,818705
2026-01-07,2026-01-07,2026Q1,dd-trace,862237
2026-01-08,2026-01-08,2026Q1,dd-trace,890217
2026-01-09,2026-01-09,2026Q1,dd-trace,781476
2026-01-10,2026-01-10,2026Q1,dd-trace,160806
2026-01-11,2026-01-11,2026Q1,dd-trace,159521
2026-01-12,2026-01-12,2026Q1,dd-trace,858998
2026-01-13,2026-01-13,2026Q1,dd-trace,1009489
2026-01-14,2026-01-14,2026Q1,dd-trace,989633
2026-01-15,2026-01-15,2026Q1,dd-trace,966765
2026-01-16,2026-01-16,2026Q1,dd-trace,831376
2026-01-17,2026-01-17,2026Q1,dd-trace,153557
2026-01-18,2026-01-18,2026Q1,dd-trace,168601
2026-01-19,2026-01-19,2026Q1,dd-trace,670218
2026-01-20,2026-01-20,2026Q1,dd-trace,946615
2026-01-21,2026-01-21,2026Q1,dd-trace,1037244
2026-01-22,2026-01-22,2026Q1,dd-trace,1037360
2026-01-23,2026-01-23,2026Q1,dd-trace,883649
2026-01-24,2026-01-24,2026Q1,dd-trace,161028
2026-01-25,2026-01-25,2026Q1,dd-trace,181509
2026-01-26,2026-01-26,2026Q1,dd-trace,915092
2026-01-27,2026-01-27,2026Q1,dd-trace,1053603
2026-01-28,2026-01-28,2026Q1,dd-trace,1061526
2026-01-29,2026-01-29,2026Q1,dd-trace,1020234
2026-01-30,2026-01-30,2026Q1,dd-trace,878025
2026-01-31,2026-01-31,2026Q1,dd-trace,166536
2026-02-01,2026-02-01,2026Q1,dd-trace,188712
2026-02-02,2026-02-02,2026Q1,dd-trace,899690
2026-02-03,2026-02-03,2026Q1,dd-trace,1096878
2026-02-04,2026-02-04,2026Q1,dd-trace,1058576
2026-02-05,2026-02-05,2026Q1,dd-trace,1049212
2026-02-06,2026-02-06,2026Q1,dd-trace,871232
2026-02-07,2026-02-07,2026Q1,dd-trace,169763
2026-02-08,2026-02-08,2026Q1,dd-trace,185342
2026-02-09,2026-02-09,2026Q1,dd-trace,925651
2026-02-10,2026-02-10,2026Q1,dd-trace,1103420
2026-02-11,2026-02-11,2026Q1,dd-trace,1087244
2026-02-12,2026-02-12,2026Q1,dd-trace,1066086
2026-02-13,2026-02-13,2026Q1,dd-trace,897546
2026-02-14,2026-02-14,2026Q1,dd-trace,185107
2026-02-15,2026-02-15,2026Q1,dd-trace,202110
2026-02-16,2026-02-16,2026Q1,dd-trace,702993
2026-02-17,2026-02-17,2026Q1,dd-trace,938480
2026-02-18,2026-02-18,2026Q1,dd-trace,1035142
2026-02-19,2026-02-19,2026Q1,dd-trace,1068766
2026-02-20,2026-02-20,2026Q1,dd-trace,882558
2026-02-21,2026-02-21,2026Q1,dd-trace,198190
2026-02-22,2026-02-22,2026Q1,dd-trace,222479
2026-02-23,2026-02-23,2026Q1,dd-trace,962692
2026-02-24,2026-02-24,2026Q1,dd-trace,1093406
2026-02-25,2026-02-25,2026Q1,dd-trace,1106721
2026-02-26,2026-02-26,2026Q1,dd-trace,1099788
2026-02-27,2026-02-27,2026Q1,dd-trace,926658
2026-02-28,2026-02-28,2026Q1,dd-trace,199966
2026-03-01,2026-03-01,2026Q1,dd-trace,199618
2026-03-02,2026-03-02,2026Q1,dd-trace,976151
2026-03-03,2026-03-03,2026Q1,dd-trace,1080249
2026-03-04,2026-03-04,2026Q1,dd-trace,1108633
2026-03-05,2026-03-05,2026Q1,dd-trace,1126215
2026-03-06,2026-03-06,2026Q1,dd-trace,1006320
2026-03-07,2026-03-07,2026Q1,dd-trace,207273
2026-03-08,2026-03-08,2026Q1,dd-trace,211130
2026-03-09,2026-03-09,2026Q1,dd-trace,1082974
2026-03-10,2026-03-10,2026Q1,dd-trace,1184215
2026-03-11,2026-03-11,2026Q1,dd-trace,1141792
2026-03-12,2026-03-12,2026Q1,dd-trace,1118120
2026-03-13,2026-03-13,2026Q1,dd-trace,984712
2026-03-14,2026-03-14,2026Q1,dd-trace,203684
2026-03-15,2026-03-15,2026Q1,dd-trace,225660
2026-03-16,2026-03-16,2026Q1,dd-trace,1105663
2026-03-17,2026-03-17,2026Q1,dd-trace,1254101
2026-03-18,2026-03-18,2026Q1,dd-trace,1227395
2026-03-19,2026-03-19,2026Q1,dd-trace,1154260
2026-03-20,2026-03-20,2026Q1,dd-trace,943148
2026-03-21,2026-03-21,2026Q1,dd-trace,181362
2026-03-22,2026-03-22,2026Q1,dd-trace,200341
2026-03-23,2026-03-23,2026Q1,dd-trace,1082450
2026-03-24,2026-03-24,2026Q1,dd-trace,1185807
2026-03-25,2026-03-25,2026Q1,dd-trace,1189936
2026-03-26,2026-03-26,2026Q1,dd-trace,1224646
2026-03-27,2026-03-27,2026Q1,dd-trace,1064574
2026-03-28,2026-03-28,2026Q1,dd-trace,219593
2026-03-29,2026-03-29,2026Q1,dd-trace,239128
2026-03-30,2026-03-30,2026Q1,dd-trace,1175797
2026-03-31,2026-03-31,2026Q1,dd-trace,1192040
2026-04-01,2026-04-01,2026Q2,dd-trace,1219989
2026-04-02,2026-04-02,2026Q2,dd-trace,1142547
2026-04-03,2026-04-03,2026Q2,dd-trace,721663
2026-04-04,2026-04-04,2026Q2,dd-trace,185484
2026-04-05,2026-04-05,2026Q2,dd-trace,193495
2026-04-06,2026-04-06,2026Q2,dd-trace,862819
2026-04-07,2026-04-07,2026Q2,dd-trace,1233690
2026-04-08,2026-04-08,2026Q2,dd-trace,1269857
2026-04-09,2026-04-09,2026Q2,dd-trace,1333402
2026-04-10,2026-04-10,2026Q2,dd-trace,1121666
2026-04-11,2026-04-11,2026Q2,dd-trace,215033
2026-04-12,2026-04-12,2026Q2,dd-trace,235545
2026-04-13,2026-04-13,2026Q2,dd-trace,1187467
2026-04-14,2026-04-14,2026Q2,dd-trace,1313914
2026-04-15,2026-04-15,2026Q2,dd-trace,1341542
2026-04-16,2026-04-16,2026Q2,dd-trace,1310967
2026-04-17,2026-04-17,2026Q2,dd-trace,1123000
2026-04-18,2026-04-18,2026Q2,dd-trace,235641
2026-04-19,2026-04-19,2026Q2,dd-trace,245760
2026-04-20,2026-04-20,2026Q2,dd-trace,1212801
2026-04-21,2026-04-21,2026Q2,dd-trace,1330322
2026-04-22,2026-04-22,2026Q2,dd-trace,1297463
2026-04-23,2026-04-23,2026Q2,dd-trace,1307447
2026-04-24,2026-04-24,2026Q2,dd-trace,1148755
2026-04-25,2026-04-25,2026Q2,dd-trace,239877
2026-04-26,2026-04-26,2026Q2,dd-trace,262287
2026-04-27,2026-04-27,2026Q2,dd-trace,1293625
2026-04-28,2026-04-28,2026Q2,dd-trace,1411293
2026-04-29,2026-04-29,2026Q2,dd-trace,1397461
2026-04-30,2026-04-30,2026Q2,dd-trace,1380387
2026-05-01,2026-05-01,2026Q2,dd-trace,928198
2026-05-02,2026-05-02,2026Q2,dd-trace,264078
2026-05-03,2026-05-03,2026Q2,dd-trace,277723
2026-05-04,2026-05-04,2026Q2,dd-trace,1231728
2026-05-05,2026-05-05,2026Q2,dd-trace,1431341
2026-05-06,2026-05-06,2026Q2,dd-trace,1461246
2026-05-07,2026-05-07,2026Q2,dd-trace,1477765
2026-05-08,2026-05-08,2026Q2,dd-trace,1264227
2026-05-09,2026-05-09,2026Q2,dd-trace,323207
2026-05-10,2026-05-10,2026Q2,dd-trace,284978
2026-05-11,2026-05-11,2026Q2,dd-trace,1450087
2026-05-12,2026-05-12,2026Q2,dd-trace,1512609
2026-05-13,2026-05-13,2026Q2,dd-trace,1508446
2026-05-14,2026-05-14,2026Q2,dd-trace,1355080
2026-05-15,2026-05-15,2026Q2,dd-trace,1180151
2026-05-16,2026-05-16,2026Q2,dd-trace,249966
2026-05-17,2026-05-17,2026Q2,dd-trace,251997
2026-05-18,2026-05-18,2026Q2,dd-trace,1330113
2026-05-19,2026-05-19,2026Q2,dd-trace,1505049
2026-05-20,2026-05-20,2026Q2,dd-trace,1512955
2026-05-21,2026-05-21,2026Q2,dd-trace,1459863
2026-05-22,2026-05-22,2026Q2,dd-trace,1224956
2026-05-23,2026-05-23,2026Q2,dd-trace,260831
2026-05-24,2026-05-24,2026Q2,dd-trace,274529
2026-05-25,2026-05-25,2026Q2,dd-trace,721472
2026-05-26,2026-05-26,2026Q2,dd-trace,1330909
2026-05-27,2026-05-27,2026Q2,dd-trace,1443962
2026-05-28,2026-05-28,2026Q2,dd-trace,1426398
2026-05-29,2026-05-29,2026Q2,dd-trace,1224543
2026-05-30,2026-05-30,2026Q2,dd-trace,258465
2026-05-31,2026-05-31,2026Q2,dd-trace,240391
2026-06-01,2026-06-01,2026Q2,dd-trace,1326635
2026-06-02,2026-06-02,2026Q2,dd-trace,1509868
2026-06-03,2026-06-03,2026Q2,dd-trace,0
2026-06-04,2026-06-04,2026Q2,dd-trace,1443094
2026-06-05,2026-06-05,2026Q2,dd-trace,1236176
2026-06-06,2026-06-06,2026Q2,dd-trace,265858
2026-06-07,2026-06-07,2026Q2,dd-trace,256648
2026-06-08,2026-06-08,2026Q2,dd-trace,1349689
2026-06-09,2026-06-09,2026Q2,dd-trace,1537591
2026-06-10,2026-06-10,2026Q2,dd-trace,1536570
2026-06-11,2026-06-11,2026Q2,dd-trace,1596504
2026-06-12,2026-06-12,2026Q2,dd-trace,1325514
2026-06-13,2026-06-13,2026Q2,dd-trace,264566
2026-06-14,2026-06-14,2026Q2,dd-trace,264303
2026-06-15,2026-06-15,2026Q2,dd-trace,1442810
2026-06-16,2026-06-16,2026Q2,dd-trace,1613071
2026-06-17,2026-06-17,2026Q2,dd-trace,1569736
2026-06-18,2026-06-18,2026Q2,dd-trace,1566092
2026-06-19,2026-06-19,2026Q2,dd-trace,999780
2026-06-20,2026-06-20,2026Q2,dd-trace,253608
2026-06-21,2026-06-21,2026Q2,dd-trace,267533
2026-06-22,2026-06-22,2026Q2,dd-trace,1442369
2026-06-23,2026-06-23,2026Q2,dd-trace,1599564
2026-06-24,2026-06-24,2026Q2,dd-trace,1599101
2026-06-25,2026-06-25,2026Q2,dd-trace,1589028
2026-06-26,2026-06-26,2026Q2,dd-trace,1363123
2026-06-27,2026-06-27,2026Q2,dd-trace,292606
2026-06-28,2026-06-28,2026Q2,dd-trace,276220
2026-06-29,2026-06-29,2026Q2,dd-trace,1421850
2026-06-30,2026-06-30,2026Q2,dd-trace,1643456
2026-07-01,2026-07-01,2026Q3,dd-trace,1481129
2026-07-02,2026-07-02,2026Q3,dd-trace,1474577
2026-07-03,2026-07-03,2026Q3,dd-trace,853431
2026-07-04,2026-07-04,2026Q3,dd-trace,220670
2026-07-05,2026-07-05,2026Q3,dd-trace,246577
2026-07-06,2026-07-06,2026Q3,dd-trace,1467879
2026-07-07,2026-07-07,2026Q3,dd-trace,1668441
2026-07-08,2026-07-08,2026Q3,dd-trace,1720601
2026-07-09,2026-07-09,2026Q3,dd-trace,1632398
2026-07-10,2026-07-10,2026Q3,dd-trace,1385214
2026-07-11,2026-07-11,2026Q3,dd-trace,285329
2026-07-12,2026-07-12,2026Q3,dd-trace,0
2026-07-13,2026-07-13,2026Q3,dd-trace,1518041
2026-07-14,2026-07-14,2026Q3,dd-trace,1675491
2026-07-15,2026-07-15,2026Q3,dd-trace,1707635
2026-07-16,2026-07-16,2026Q3,dd-trace,1654654
2026-07-17,2026-07-17,2026Q3,dd-trace,1486009
2026-07-18,2026-07-18,2026Q3,dd-trace,367995
2026-07-19,2026-07-19,2026Q3,dd-trace,292877
2026-07-20,2026-07-20,2026Q3,dd-trace,1515935
2026-07-21,2026-07-21,2026Q3,dd-trace,1796020
2026-07-22,2026-07-22,2026Q3,dd-trace,1856726
2026-07-23,2026-07-23,2026Q3,dd-trace,1838753
2026-07-24,2026-07-24,2026Q3,dd-trace,1582331
2026-07-25,2026-07-25,2026Q3,dd-trace,385974
2026-07-26,2026-07-26,2026Q3,dd-trace,332545
2026-07-27,2026-07-27,2026Q3,dd-trace,1662347
2026-07-28,2026-07-28,2026Q3,dd-trace,1970646
2026-07-29,2026-07-29,2026Q3,dd-trace,1895472
2026-07-30,2026-07-30,2026Q3,dd-trace,1960419
2026-07-31,2026-07-31,2026Q3,dd-trace,1652866
2026-08-01,2026-08-01,2026Q3,dd-trace,388240
2026-08-02,2026-08-02,2026Q3,dd-trace,336086
2026-08-03,2026-08-03,2026Q3,dd-trace,1579157
2026-08-04,2026-08-04,2026Q3,dd-trace,1861977
2026-08-05,2026-08-05,2026Q3,dd-trace,1913638
2026-08-06,2026-08-06,2026Q3,dd-trace,1521150
2026-08-07,2026-08-07,2026Q3,dd-trace,1865910
2026-08-08,2026-08-08,2026Q3,dd-trace,496163
2026-08-09,2026-08-09,2026Q3,dd-trace,457886
2026-08-10,2026-08-10,2026Q3,dd-trace,1838649
2026-08-11,2026-08-11,2026Q3,dd-trace,0
2026-08-12,2026-08-12,2026Q3,dd-trace,1947811
2026-08-13,2026-08-13,2026Q3,dd-trace,1961986
2026-08-14,2026-08-14,2026Q3,dd-trace,0
2026-08-15,2026-08-15,2026Q3,dd-trace,483263
2026-08-16,2026-08-16,2026Q3,dd-trace,429189
2026-08-17,2026-08-17,2026Q3,dd-trace,1581036
2026-08-18,2026-08-18,2026Q3,dd-trace,2075765
2026-08-19,2026-08-19,2026Q3,dd-trace,2028425
2026-08-20,2026-08-20,2026Q3,dd-trace,1959510
2026-08-21,2026-08-21,2026Q3,dd-trace,1636860
2026-08-22,2026-08-22,2026Q3,dd-trace,408783
2026-08-23,2026-08-23,2026Q3,dd-trace,385513
2026-08-24,2026-08-24,2026Q3,dd-trace,1758468
2026-08-25,2026-08-25,2026Q3,dd-trace,2039440
2026-08-26,2026-08-26,2026Q3,dd-trace,1994738
2026-08-27,2026-08-27,2026Q3,dd-trace,1997897
2026-08-28,2026-08-28,2026Q3,dd-trace,1694461
2026-08-29,2026-08-29,2026Q3,dd-trace,439755
2026-08-30,2026-08-30,2026Q3,dd-trace,410477
2026-08-31,2026-08-31,2026Q3,dd-trace,1855255
2026-09-01,2026-09-01,2026Q3,dd-trace,0
2026-09-02,2026-09-02,2026Q3,dd-trace,0
