year,qtr,quarter,end,start,revenue,frame,form,source,revenue_yoy,browser_rum_downloads,browser_rum_downloads_n_days,browser_rum_downloads_coverage,browser_rum_downloads_complete,browser_rum_downloads_yoy,dd_trace_downloads,dd_trace_downloads_n_days,dd_trace_downloads_coverage,dd_trace_downloads_complete,dd_trace_downloads_yoy,aws_revenue,aws_revenue_source,aws_revenue_yoy,gcp_revenue,gcp_revenue_source,gcp_revenue_yoy,msft_ic_revenue,msft_ic_revenue_source,msft_ic_revenue_yoy,wiki_datadog_views,wiki_datadog_views_n_months,wiki_datadog_views_coverage,wiki_datadog_views_complete,wiki_datadog_views_yoy,wiki_newrelic_views,wiki_newrelic_views_n_months,wiki_newrelic_views_coverage,wiki_newrelic_views_complete,wiki_newrelic_views_yoy,signals_complete,qc_flags,browser_rum_downloads_yoy_lag1,dd_trace_downloads_yoy_lag1,aws_revenue_yoy_lag1,gcp_revenue_yoy_lag1,msft_ic_revenue_yoy_lag1,wiki_datadog_views_yoy_lag1,wiki_newrelic_views_yoy_lag1
2018,3,2018Q3,2018-09-30,2018-07-01,51074000.0,CY2018Q3,10-Q,sec_frame,,,,,,,,,,,,,,,,,,,,,15271,3,1.0,True,,21798,3,1.0,True,,False,"missing:browser_rum_downloads,missing:dd_trace_downloads",,,,,,,
2019,1,2019Q1,2019-03-31,2019-01-01,70050000.0,CY2019Q1,10-Q,sec_frame,,,,,,,,,,,,,,,,,,,,,19904,3,1.0,True,0.6773976066071128,20442,3,1.0,True,0.04311884472113081,False,"missing:browser_rum_downloads,missing:dd_trace_downloads",,,,,,,
2019,2,2019Q2,2019-06-30,2019-04-01,83222000.0,CY2019Q2,10-Q,sec_frame,,,,,,,,,,,,,,,,,,,,,20933,3,1.0,True,0.3758133420966152,19963,3,1.0,True,-0.1255037673033117,False,"missing:browser_rum_downloads,missing:dd_trace_downloads",,,,,,0.6773976066071128,0.04311884472113081
2019,3,2019Q3,2019-09-30,2019-07-01,95864000.0,CY2019Q3,10-Q,sec_frame,0.8769628382347183,,,,,,,,,,,8995000000.0,sec_xbrl,,,,,10845000000.0,sec_xbrl,,44445,3,1.0,True,1.910418440180735,23171,3,1.0,True,0.06298743003945306,False,"missing:browser_rum_downloads,missing:dd_trace_downloads",,,,,,0.3758133420966152,-0.1255037673033117
2019,4,2019Q4,2019-12-31,2019-10-01,113644000.0,CY2019Q4,10-K,fy_residual,,,,,,,,,,,,,,,,,,11869000000.0,sec_xbrl,,48432,3,1.0,True,1.9831844779796737,21913,3,1.0,True,0.09922247303737142,False,"q4_derived_from_fy,missing:browser_rum_downloads,missing:dd_trace_downloads",,,,,,1.910418440180735,0.06298743003945306
2020,1,2020Q1,2020-03-31,2020-01-01,131248000.0,CY2020Q1,10-Q,sec_frame,0.8736331192005711,,,,,,,,,,,10219000000.0,sec_xbrl,,,,,12281000000.0,sec_xbrl,,135473,3,1.0,True,5.806320337620579,20723,3,1.0,True,0.013746208785833103,False,"missing:browser_rum_downloads,missing:dd_trace_downloads",,,,,,1.9831844779796737,0.09922247303737142
2020,2,2020Q2,2020-06-30,2020-04-01,140012000.0,CY2020Q2,10-Q,sec_frame,0.6823916752781716,,,,,,,,,,,10808000000.0,sec_xbrl,,,,,,,,210573,3,1.0,True,9.05937992643195,19698,3,1.0,True,-0.013274557932174469,False,"missing:browser_rum_downloads,missing:dd_trace_downloads",,,,,,5.806320337620579,0.013746208785833103
2020,3,2020Q3,2020-09-30,2020-07-01,154675000.0,CY2020Q3,10-Q,sec_frame,0.6134836852207293,,,,,,,,,,,11601000000.0,sec_xbrl,0.28971650917176217,,,,12986000000.0,sec_xbrl,0.1974181650530198,51751,3,1.0,True,0.16438294521318486,18289,3,1.0,True,-0.2106944024858659,False,"missing:browser_rum_downloads,missing:dd_trace_downloads",,,,,,9.05937992643195,-0.013274557932174469
2020,4,2020Q4,2020-12-31,2020-10-01,177531000.0,CY2020Q4,10-K,fy_residual,0.5621678223223399,,,,,,,,,,,12742000000.0,fy_residual,,,,,14601000000.0,sec_xbrl,0.23017945909512183,38820,3,1.0,True,-0.1984638255698712,17324,3,1.0,True,-0.20941906630767126,False,"q4_derived_from_fy,missing:browser_rum_downloads,missing:dd_trace_downloads",,,0.28971650917176217,,0.1974181650530198,0.16438294521318486,-0.2106944024858659
2021,1,2021Q1,2021-03-31,2021-01-01,198549000.0,CY2021Q1,10-Q,sec_frame,0.5127773375594296,,,,,,,,,,,13503000000.0,sec_xbrl,0.32136216850963883,,,,15118000000.0,sec_xbrl,0.23100724696685937,38587,3,1.0,True,-0.7151683361260177,17216,3,1.0,True,-0.16923225401727549,False,"missing:browser_rum_downloads,missing:dd_trace_downloads",,,,,0.23017945909512183,-0.1984638255698712,-0.20941906630767126
2021,2,2021Q2,2021-06-30,2021-04-01,233549000.0,CY2021Q2,10-Q,sec_frame,0.6680641659286346,,,,,,,,,,,14809000000.0,sec_xbrl,0.3701887490747595,,,,,,,30145,3,1.0,True,-0.8568429950658442,13845,3,1.0,True,-0.2971367651538227,False,"missing:browser_rum_downloads,missing:dd_trace_downloads",,,0.32136216850963883,,0.23100724696685937,-0.7151683361260177,-0.16923225401727549
2021,3,2021Q3,2021-09-30,2021-07-01,270488000.0,CY2021Q3,10-Q,sec_frame,0.7487506061095845,3260103.0,92.0,1.0,True,,14688073.0,92.0,1.0,True,,16110000000.0,sec_xbrl,0.3886733902249806,,,,16964000000.0,sec_xbrl,0.30632989373171116,32317,3,1.0,True,-0.3755289752855018,15448,3,1.0,True,-0.1553392749740281,True,,,,0.3701887490747595,,,-0.8568429950658442,-0.2971367651538227
2021,4,2021Q4,2021-12-31,2021-10-01,326198000.0,CY2021Q4,10-K,fy_residual,0.8374143107400962,6028900.0,92.0,1.0,True,,15283704.0,92.0,1.0,True,,17780000000.0,fy_residual,0.3953853398210643,,,,18327000000.0,sec_xbrl,0.25518800082186144,34824,3,1.0,True,-0.10293663060278202,14665,3,1.0,True,-0.15348649272685289,True,q4_derived_from_fy,,,0.3886733902249806,,0.30632989373171116,-0.3755289752855018,-0.1553392749740281
2022,1,2022Q1,2022-03-31,2022-01-01,363030000.0,CY2022Q1,10-Q,sec_frame,0.828415151927232,8920376.0,90.0,1.0,True,,16345844.0,90.0,1.0,True,,18441000000.0,sec_xbrl,0.3656965118862474,,,,19051000000.0,sec_xbrl,0.2601534594523085,38354,3,1.0,True,-0.006038303055433181,15234,3,1.0,True,-0.11512546468401486,True,,,,0.3953853398210643,,0.25518800082186144,-0.10293663060278202,-0.15348649272685289
2022,2,2022Q2,2022-06-30,2022-04-01,406138000.0,CY2022Q2,10-Q,sec_frame,0.7389841104008152,11327951.0,91.0,1.0,True,,17648888.0,91.0,1.0,True,,19739000000.0,sec_xbrl,0.3329056654736984,6276000000.0,sec_xbrl,,,,,36775,3,1.0,True,0.2199369713053574,15089,3,1.0,True,0.08985193210545317,True,,,,0.3656965118862474,,0.2601534594523085,-0.006038303055433181,-0.11512546468401486
2022,3,2022Q3,2022-09-30,2022-07-01,436533000.0,CY2022Q3,10-Q,sec_frame,0.6138719647452013,12468535.0,92.0,1.0,True,2.824583149673492,19709063.0,92.0,1.0,True,0.3418413021231581,20538000000.0,sec_xbrl,0.27486033519553077,6868000000.0,sec_xbrl,,20325000000.0,sec_xbrl,0.19812544211270922,36061,3,1.0,True,0.11585233777887805,19371,3,1.0,True,0.2539487312273434,True,,,,0.3329056654736984,,,0.2199369713053574,0.08985193210545317
2022,4,2022Q4,2022-12-31,2022-10-01,469399000.0,CY2022Q4,10-K,fy_residual,0.4390002391185721,13622957.0,92.0,1.0,True,1.2596090497437342,21344419.0,92.0,1.0,True,0.396547525390442,21378000000.0,fy_residual,0.20236220472440936,,,,21508000000.0,sec_xbrl,0.17356905112675292,35406,3,1.0,True,0.016712611991729798,66355,3,1.0,True,3.524718718036141,True,q4_derived_from_fy,2.824583149673492,0.3418413021231581,0.27486033519553077,,0.19812544211270922,0.11585233777887805,0.2539487312273434
2023,1,2023Q1,2023-03-31,2023-01-01,481714000.0,CY2023Q1,10-Q,sec_frame,0.32692614935404785,15491711.0,90.0,1.0,True,0.7366656966029235,25437307.0,90.0,1.0,True,0.55619416164745,21354000000.0,sec_xbrl,0.157963234097934,7454000000.0,sec_xbrl,,22081000000.0,sec_xbrl,0.15904676919846716,35840,3,1.0,True,-0.06554727016738804,64852,3,1.0,True,3.2570565839569383,True,,1.2596090497437342,0.396547525390442,0.20236220472440936,,0.17356905112675292,0.016712611991729798,3.524718718036141
2023,2,2023Q2,2023-06-30,2023-04-01,509460000.0,CY2023Q2,10-Q,sec_frame,0.2544012133806737,16743778.0,91.0,1.0,True,0.47809414076738155,27636478.0,91.0,1.0,True,0.5659047754170121,22140000000.0,sec_xbrl,0.12163736764780375,8031000000.0,sec_xbrl,0.2796367112810707,,,,35874,3,1.0,True,-0.024500339904826696,64909,3,1.0,True,3.3017429915832723,True,,0.7366656966029235,0.55619416164745,0.157963234097934,,0.15904676919846716,-0.06554727016738804,3.2570565839569383
2023,3,2023Q3,2023-09-30,2023-07-01,547536000.0,CY2023Q3,10-Q,sec_frame,0.2542831813402424,17173615.0,92.0,1.0,True,0.37735628123111487,31619710.0,92.0,1.0,True,0.6043233511405388,23059000000.0,sec_xbrl,0.1227480767358069,8411000000.0,sec_xbrl,0.22466511357018049,24259000000.0,sec_xbrl,0.19355473554735547,36537,3,1.0,True,0.013199855799894689,315419,3,1.0,True,15.283051984925919,True,,0.47809414076738155,0.5659047754170121,0.12163736764780375,0.2796367112810707,,-0.024500339904826696,3.3017429915832723
2023,4,2023Q4,2023-12-31,2023-10-01,589649000.0,CY2023Q4,10-K,fy_residual,0.2561786454594066,15360240.0,92.0,1.0,True,0.12752613107418598,24926281.0,92.0,1.0,True,0.167812579016557,24204000000.0,fy_residual,0.13219197305641317,9192000000.0,fy_residual,,25880000000.0,sec_xbrl,0.20327320066951837,38490,3,1.0,True,0.08710388069818675,485380,3,1.0,True,6.314897144148896,True,q4_derived_from_fy,0.37735628123111487,0.6043233511405388,0.1227480767358069,0.22466511357018049,0.19355473554735547,0.013199855799894689,15.283051984925919
2024,1,2024Q1,2024-03-31,2024-01-01,611253000.0,CY2024Q1,10-Q,sec_frame,0.26891267432542953,17273954.0,91.0,1.0,True,0.11504494242114371,27580076.0,91.0,1.0,True,0.08423725829153228,25037000000.0,sec_xbrl,0.1724735412569074,9574000000.0,sec_xbrl,0.2844110544674001,26708000000.0,sec_xbrl,0.20954666908201625,62166,3,1.0,True,0.7345424107142857,432461,3,1.0,True,5.668429655214951,True,,0.12752613107418598,0.167812579016557,0.13219197305641317,,0.20327320066951837,0.08710388069818675,6.314897144148896
2024,2,2024Q2,2024-06-30,2024-04-01,645279000.0,CY2024Q2,10-Q,sec_frame,0.26659404074902837,18276258.0,91.0,1.0,True,0.09152534153283676,30178562.0,91.0,1.0,True,0.09198292199172409,26281000000.0,sec_xbrl,0.1870370370370371,10347000000.0,sec_xbrl,0.2883825177437429,,,,39232,3,1.0,True,0.09360539666610923,592442,3,1.0,True,8.12727048637323,True,,0.11504494242114371,0.08423725829153228,0.1724735412569074,0.2844110544674001,0.20954666908201625,0.7345424107142857,5.668429655214951
2024,3,2024Q3,2024-09-30,2024-07-01,690016000.0,CY2024Q3,10-Q,sec_frame,0.2602203325443442,19616500.0,92.0,1.0,True,0.14224640531419852,33902505.0,92.0,1.0,True,0.0721953174143597,27452000000.0,sec_xbrl,0.1905112971074201,11353000000.0,sec_xbrl,0.34978004993460954,24092000000.0,sec_xbrl,-0.006884043035574439,40142,3,1.0,True,0.09866710457892003,604812,3,1.0,True,0.9174875324568272,True,,0.09152534153283676,0.09198292199172409,0.1870370370370371,0.2883825177437429,,0.09360539666610923,8.12727048637323
2024,4,2024Q4,2024-12-31,2024-10-01,737727000.0,CY2024Q4,10-K,fy_residual,0.25112906152643344,20790065.0,92.0,1.0,True,0.35349870835351527,37455308.0,92.0,1.0,True,0.5026432543226163,28786000000.0,fy_residual,0.189307552470666,11955000000.0,fy_residual,0.3005874673629243,25544000000.0,sec_xbrl,-0.012982998454404981,39565,3,1.0,True,0.027929332294102327,614534,3,1.0,True,0.2660884255634761,True,q4_derived_from_fy,0.14224640531419852,0.0721953174143597,0.1905112971074201,0.34978004993460954,-0.006884043035574439,0.09866710457892003,0.9174875324568272
2025,1,2025Q1,2025-03-31,2025-01-01,761553000.0,CY2025Q1,10-Q,sec_frame,0.24588836373809198,23231621.0,90.0,1.0,True,0.3448930684891254,42807438.0,90.0,1.0,True,0.5521145772042106,29267000000.0,sec_xbrl,0.1689499540679793,12260000000.0,sec_xbrl,0.28055149362857734,26751000000.0,sec_xbrl,0.0016100044930358326,109924,3,1.0,True,0.7682334395006918,614301,3,1.0,True,0.4204772222235069,True,,0.35349870835351527,0.5026432543226163,0.189307552470666,0.3005874673629243,-0.012982998454404981,0.027929332294102327,0.2660884255634761
2025,2,2025Q2,2025-06-30,2025-04-01,826760000.0,CY2025Q2,10-Q,sec_frame,0.2812442369889614,27779878.0,91.0,1.0,True,0.5199981309084167,46628117.0,91.0,1.0,True,0.5450741821296854,30873000000.0,sec_xbrl,0.17472698907956308,13624000000.0,sec_xbrl,0.31671015753358467,,,,148139,3,1.0,True,2.7759736949429037,595349,3,1.0,True,0.004906809442949633,True,,0.3448930684891254,0.5521145772042106,0.1689499540679793,0.28055149362857734,0.0016100044930358326,0.7682334395006918,0.4204772222235069
2025,3,2025Q3,2025-09-30,2025-07-01,885651000.0,CY2025Q3,10-Q,sec_frame,0.2835224110745258,31132893.0,92.0,1.0,True,0.5870768485713558,48314298.0,92.0,1.0,True,0.42509522526432786,33006000000.0,sec_xbrl,0.20231677109135937,15157000000.0,sec_xbrl,0.33506562142165075,30897000000.0,sec_xbrl,0.28245890752116876,152418,3,1.0,True,2.796970753823925,606575,3,1.0,True,0.002914955391096763,True,,0.5199981309084167,0.5450741821296854,0.17472698907956308,0.31671015753358467,,2.7759736949429037,0.004906809442949633
2025,4,2025Q4,2025-12-31,2025-10-01,953194000.0,CY2025Q4,10-K,fy_residual,0.2920687462977498,32693592.0,92.0,1.0,True,0.5725584311544962,51174199.0,92.0,1.0,True,0.3662736133420663,35579000000.0,fy_residual,0.23598276940179264,17664000000.0,fy_residual,0.4775407779171894,32907000000.0,sec_xbrl,0.2882477294080801,189907,3,1.0,True,3.799873625679262,610441,3,1.0,True,-0.006660331242860473,True,q4_derived_from_fy,0.5870768485713558,0.42509522526432786,0.20231677109135937,0.33506562142165075,0.28245890752116876,2.796970753823925,0.002914955391096763
2026,1,2026Q1,2026-03-31,2026-01-01,1006426000.0,CY2026Q1,10-Q,sec_frame,0.32154426546806336,44103401.0,90.0,1.0,True,0.8984211648425222,68034847.0,90.0,1.0,True,0.5893230283952056,37587000000.0,sec_xbrl,0.2842792223323196,20028000000.0,sec_xbrl,0.6336052202283851,34681000000.0,sec_xbrl,0.29643751635452875,83384,3,1.0,True,-0.2414395400458499,603309,3,1.0,True,-0.017893508231306754,True,,0.5725584311544962,0.3662736133420663,0.23598276940179264,0.4775407779171894,0.2882477294080801,3.799873625679262,-0.006660331242860473
2026,2,2026Q2,2026-06-30,2026-04-01,1121454000.0,CY2026Q2,10-Q,sec_frame,0.3564444336929702,58716446.0,91.0,1.0,True,1.113632248492956,92295425.0,91.0,1.0,True,0.9793942140104006,42232000000.0,sec_xbrl,0.36792666731448187,24768000000.0,sec_xbrl,0.817968291250734,,,,35206,3,1.0,True,-0.762344824792931,599604,3,1.0,True,0.007147068358223541,True,,0.8984211648425222,0.5893230283952056,0.2842792223323196,0.6336052202283851,0.29643751635452875,-0.2414395400458499,-0.017893508231306754
